Patient_id,age,gender,symptoms,duration_days,severity,disease,temperature,heart_rate,bp,region
P0000,56.0,Female,"vomiting,fatigue,chills,sweating",28,5,Diabetes,98.5,62.0,153/91,West
P0001,19.0,Male,"headache,chills,shortness_of_breath,nausea,chest_pain",2,4,Malaria,97.6,108.0,172/65,West
P0002,76.0,Male,"chills,vomiting",50,1,Flu,100.4,56.0,136/73,East
P0003,65.0,Female,"chest_pain,nausea,chills,fatigue",6,5,Asthma,100.4,110.0,95/87,North
P0004,25.0,Female,"fatigue,shortness_of_breath,headache,chills",9,4,Hypertension,99.4,115.0,105/83,East
P0005,79.0,Female,"chest_pain,shortness_of_breath,nausea,cough",33,3,Typhoid,98.4,76.0,161/72,North
P0006,79.0,Other,"chills,fever,nausea",41,4,Flu,98.6,89.0,107/102,South
P0007,28.0,Male,"vomiting,shortness_of_breath",25,2,Diabetes,96.7,70.0,141/71,East
P0008,7.0,Male,"nausea,chest_pain",48,2,Hypertension,100.3,104.0,137/78,North
P0009,26.0,Other,"vomiting,fatigue,cough,headache,chest_pain",13,3,Malaria,100.2,97.0,132/80,South
P0010,57.0,Female,"shortness_of_breath,headache,chills",9,1,Malaria,96.6,71.0,128/86,East
P0011,6.0,Other,"shortness_of_breath,fatigue,headache",53,5,Diabetes,99.9,112.0,138/78,West
P0012,34.0,Other,"chest_pain,vomiting,chills,cough",13,4,Diabetes,99.2,56.0,101/83,East
P0013,42.0,Other,"sweating,chest_pain,nausea,fatigue",31,2,Malaria,97.1,58.0,99/85,Central
P0014,6.0,Male,"cough,sweating,chest_pain,shortness_of_breath,fever",41,1,Asthma,96.8,93.0,160/104,East
P0015,68.0,Other,"cough,chills,vomiting,chest_pain,nausea",11,3,Asthma,99.2,60.0,144/87,Central
P0016,64.0,Male,"cough,fever,shortness_of_breath,headache,chills",4,2,Hypertension,98.0,74.0,90/105,South
P0017,25.0,Male,"chills,nausea,vomiting,fatigue",34,3,Typhoid,101.3,118.0,138/77,East
P0018,37.0,Male,"cough,shortness_of_breath",38,4,Hypertension,100.0,70.0,125/103,South
P0019,80.0,Female,"chills,vomiting,shortness_of_breath,nausea,chest_pain",46,5,Typhoid,99.3,105.0,110/95,South
P0020,62.0,Male,"cough,nausea",4,2,Diabetes,107.0,91.0,126/101,North
P0021,26.0,Male,"chest_pain,fatigue",38,2,Flu,100.6,96.0,113/88,South
P0022,53.0,Female,"fever,chills",19,4,Hypertension,99.9,111.0,144/76,South
P0023,63.0,Male,"headache,fever,vomiting,sweating",6,1,Hypertension,99.3,63.0,114/63,East
P0024,46.0,Other,"cough,fatigue,fever",34,5,Typhoid,97.1,118.0,96/103,East
P0025,64.0,Other,"vomiting,nausea",18,2,Diabetes,103.2,76.0,170/104,West
P0026,84.0,Male,"fatigue,cough,nausea,shortness_of_breath",13,5,Diabetes,96.9,88.0,160/88,North
P0027,19.0,Female,"shortness_of_breath,fever",41,2,Typhoid,98.1,109.0,160/63,South
P0028,66.0,Other,"chest_pain,cough,sweating,nausea",23,5,Diabetes,96.1,83.0,113/69,North
P0029,66.0,Female,"headache,shortness_of_breath,fever",19,3,Malaria,99.4,92.0,100/84,Central
P0030,51.0,Female,"nausea,vomiting,chills,shortness_of_breath,fever",45,2,Asthma,98.8,72.0,162/90,South
P0031,66.0,Other,"chest_pain,chills,shortness_of_breath,fever,vomiting",11,5,Malaria,99.7,119.0,101/62,North
P0032,55.0,Female,"chest_pain,headache",1,1,Flu,96.0,55.0,124/106,West
P0033,59.0,Other,"sweating,chills,chest_pain",24,3,Hypertension,100.3,58.0,152/61,West
P0034,68.0,Female,"vomiting,fever,cough",54,3,Flu,97.4,58.0,157/84,South
P0035,7.0,Other,"fever,nausea,shortness_of_breath",7,1,Hypertension,98.4,81.0,146/108,Central
P0036,55.0,Male,"shortness_of_breath,headache,nausea",25,5,Asthma,100.0,97.0,102/65,West
P0037,11.0,Other,"cough,vomiting",21,4,Diabetes,99.0,113.0,112/85,West
P0038,25.0,Other,"vomiting,shortness_of_breath,chest_pain,cough,sweating",15,1,Malaria,99.1,86.0,172/67,Central
P0039,77.0,Other,"shortness_of_breath,cough,chest_pain,fever,headache",1,5,Typhoid,99.8,87.0,128/94,North
P0040,43.0,Other,"chills,sweating,headache,fatigue",12,1,Malaria,99.2,82.0,177/86,West
P0041,22.0,Female,"chills,nausea,fatigue",58,1,Asthma,98.1,109.0,169/84,East
P0042,8.0,Male,"headache,shortness_of_breath,cough,chills",7,2,Flu,98.4,114.0,101/77,West
P0043,64.0,Other,"shortness_of_breath,chest_pain",15,5,Typhoid,98.9,116.0,123/60,North
P0044,18.0,Female,"chest_pain,fever",21,4,Diabetes,97.3,88.0,160/107,North
P0045,13.0,Male,"shortness_of_breath,headache,sweating,chills,chest_pain",19,2,Asthma,100.1,110.0,164/98,South
P0046,57.0,Male,"chills,chest_pain,headache,sweating",29,1,Typhoid,99.0,67.0,120/62,East
P0047,6.0,Male,"headache,chest_pain",25,1,Asthma,98.7,110.0,151/63,North
P0048,64.0,Male,"vomiting,shortness_of_breath",33,1,Asthma,100.4,72.0,102/100,Central
P0049,75.0,Other,"vomiting,chills,shortness_of_breath,fever,cough",49,5,Diabetes,98.4,108.0,120/96,East
P0050,48.0,Other,"cough,vomiting",32,5,Hypertension,98.3,97.0,91/74,East
P0051,12.0,Female,"nausea,chest_pain",49,2,Typhoid,97.9,93.0,104/67,Central
P0052,51.0,Female,"fever,chills,vomiting,nausea",35,4,Diabetes,99.1,115.0,146/97,West
P0053,39.0,Female,"vomiting,fever,headache,sweating,chills",44,2,Asthma,99.1,96.0,164/109,Central
P0054,82.0,Male,"nausea,shortness_of_breath,chest_pain",38,3,Diabetes,97.6,72.0,123/78,Central
P0055,40.0,Male,"cough,nausea,headache,fever",26,1,Hypertension,98.3,77.0,157/106,West
P0056,54.0,Other,"chest_pain,chills,headache,sweating,fever",11,1,Malaria,97.6,108.0,164/85,West
P0057,8.0,Male,"cough,nausea",35,1,Typhoid,97.5,84.0,118/98,West
P0058,6.0,Male,"nausea,fatigue,cough",8,2,Hypertension,96.0,112.0,155/69,West
P0059,10.0,Male,"nausea,fatigue,vomiting",46,2,Flu,98.3,72.0,105/97,West
P0060,58.0,Female,"nausea,cough,fever,headache,vomiting",14,1,Typhoid,96.0,61.0,128/73,Central
P0061,8.0,Female,"nausea,shortness_of_breath",10,2,Hypertension,97.9,94.0,166/108,South
P0062,58.0,Other,"fatigue,cough,fever,chills",2,5,Asthma,97.7,119.0,126/100,South
P0063,67.0,Male,"chest_pain,chills,fever,shortness_of_breath,headache",46,5,Typhoid,100.2,103.0,170/78,North
P0064,22.0,Male,"nausea,shortness_of_breath",9,2,Typhoid,97.1,106.0,110/89,South
P0065,48.0,Other,"fatigue,cough,shortness_of_breath",3,1,Diabetes,97.5,83.0,133/64,South
P0066,38.0,Male,"vomiting,chest_pain,fever",21,2,Asthma,98.0,75.0,108/90,Central
P0067,78.0,Male,"chest_pain,nausea,fever",26,2,Flu,97.7,63.0,160/66,West
P0068,66.0,Female,"fever,chest_pain",8,2,Malaria,100.7,101.0,97/78,West
P0069,18.0,Other,"fatigue,vomiting,headache",48,3,Hypertension,96.9,96.0,166/90,Central
P0070,52.0,Other,"shortness_of_breath,chest_pain,headache",2,5,Diabetes,98.0,105.0,155/98,South
P0071,19.0,Other,"fatigue,sweating,chest_pain,nausea,fever",6,4,Hypertension,99.1,110.0,130/83,Central
P0072,76.0,Other,"chills,fatigue,vomiting,nausea,shortness_of_breath",28,4,Flu,99.9,105.0,164/93,North
P0073,82.0,Female,"headache,chest_pain,nausea,fever,shortness_of_breath",53,3,Flu,98.0,74.0,177/82,West
P0074,66.0,Female,"fatigue,shortness_of_breath,chills",29,2,Typhoid,95.7,81.0,159/107,East
P0075,44.0,Male,"shortness_of_breath,chest_pain,nausea,fever,vomiting",26,3,Flu,98.4,92.0,150/104,North
P0076,84.0,Male,"shortness_of_breath,fatigue,cough",25,3,Hypertension,100.6,119.0,115/99,North
P0077,57.0,Male,"headache,fever,nausea,chills",12,1,Asthma,99.0,108.0,160/65,Central
P0078,28.0,Male,"headache,vomiting,shortness_of_breath",5,5,Asthma,99.0,78.0,172/97,South
P0079,30.0,Female,"sweating,fatigue,chest_pain,cough",34,4,Typhoid,97.0,101.0,159/100,West
P0080,64.0,Other,"sweating,fatigue",48,2,Malaria,96.9,117.0,118/95,East
P0081,45.0,Female,"vomiting,headache,chest_pain",37,4,Hypertension,98.6,111.0,155/86,North
P0082,33.0,Male,"shortness_of_breath,cough,fatigue,chest_pain",15,4,Hypertension,96.5,109.0,108/70,East
P0083,19.0,Female,"fatigue,chills,vomiting,sweating,chest_pain",44,5,Flu,99.8,114.0,157/64,South
P0084,49.0,Other,"vomiting,cough,nausea,shortness_of_breath",36,4,Hypertension,97.3,116.0,147/76,South
P0085,69.0,Other,"fatigue,shortness_of_breath,fever,sweating,vomiting",15,4,Diabetes,98.6,200.0,159/66,East
P0086,75.0,Female,"chest_pain,sweating",43,3,Malaria,95.8,76.0,146/86,West
P0087,13.0,Female,"fever,headache,nausea,chest_pain",48,5,Flu,98.0,83.0,126/106,South
P0088,5.0,Female,"sweating,fever,chest_pain,nausea",23,1,Diabetes,96.8,95.0,150/74,East
P0089,12.0,Male,"chest_pain,cough,fatigue,vomiting,sweating",6,2,Typhoid,95.1,96.0,119/105,North
P0090,67.0,Female,"sweating,cough,headache,fever",46,4,Asthma,99.4,119.0,160/72,East
P0091,15.0,Female,"fatigue,fever,nausea",50,2,Typhoid,101.1,85.0,162/70,East
P0092,12.0,Female,"fatigue,chest_pain",44,1,Asthma,100.3,84.0,114/104,Central
P0093,39.0,Other,"chest_pain,cough,sweating,headache,vomiting",59,2,Typhoid,99.6,72.0,154/85,South
P0094,39.0,Other,"headache,cough,chills",43,1,Hypertension,98.0,71.0,95/81,West
P0095,37.0,Male,"vomiting,chest_pain,fever",45,3,Diabetes,99.8,92.0,107/87,West
P0096,9.0,Male,"vomiting,shortness_of_breath,chest_pain,cough,nausea",21,4,Asthma,100.4,68.0,99/83,Central
P0097,45.0,Other,"fatigue,chills,shortness_of_breath,cough,vomiting",23,1,Flu,98.8,110.0,100/88,West
P0098,32.0,Other,"vomiting,headache,nausea",43,2,Diabetes,96.8,76.0,154/68,East
P0099,11.0,Other,"nausea,shortness_of_breath",55,4,Flu,97.9,110.0,166/101,Central
P0100,77.0,Female,"headache,nausea,cough,chest_pain,fatigue",16,3,Diabetes,101.2,73.0,173/63,North
P0101,76.0,Female,"sweating,headache,shortness_of_breath,chest_pain",47,4,Diabetes,98.5,111.0,154/108,South
P0102,16.0,Other,"nausea,fatigue,shortness_of_breath,vomiting,chest_pain",53,1,Typhoid,93.6,98.0,141/105,South
P0103,38.0,Female,"cough,chills,fever,sweating,fatigue",15,3,Asthma,96.4,89.0,156/77,South
P0104,37.0,Female,"fatigue,vomiting,fever,sweating,shortness_of_breath",25,2,Asthma,98.0,55.0,171/102,East
P0105,52.0,Male,"sweating,vomiting",36,3,Diabetes,100.2,106.0,167/75,North
P0106,27.0,Other,"cough,chills,sweating,nausea,fatigue",11,3,Hypertension,98.2,91.0,120/92,Central
P0107,66.0,Other,"chest_pain,cough,nausea,fever",51,5,Hypertension,100.2,119.0,106/88,Central
P0108,41.0,Female,"chest_pain,chills,sweating",15,3,Flu,97.8,105.0,144/98,South
P0109,48.0,Other,"vomiting,shortness_of_breath,fever,chills",4,3,Flu,95.7,55.0,125/69,North
P0110,39.0,Male,"shortness_of_breath,fatigue,fever,nausea",21,4,Typhoid,97.9,75.0,115/68,North
P0111,69.0,Male,"cough,nausea,chills,vomiting,fatigue",13,2,Diabetes,99.1,107.0,142/90,North
P0112,51.0,Male,"fatigue,chills",22,4,Flu,99.0,70.0,106/87,West
P0113,82.0,Other,"headache,fever,cough",19,4,Flu,96.7,115.0,175/62,West
P0114,7.0,Other,"sweating,shortness_of_breath,fatigue,chest_pain,nausea",34,1,Malaria,98.1,108.0,114/73,South
P0115,5.0,Other,"cough,chills,chest_pain,fatigue",14,4,Diabetes,102.6,94.0,91/84,North
P0116,9.0,Other,"chills,vomiting",4,5,Typhoid,96.8,80.0,175/74,North
P0117,18.0,Other,"fever,vomiting,fatigue,headache",48,5,Flu,99.6,119.0,94/61,Central
P0118,31.0,Male,"sweating,fatigue",53,1,Typhoid,95.5,118.0,93/83,Central
P0119,13.0,Female,"cough,headache,shortness_of_breath,sweating",52,2,Asthma,99.9,97.0,125/73,South
P0120,83.0,Male,"fever,cough,shortness_of_breath",46,2,Typhoid,97.3,71.0,95/107,North
P0121,19.0,Other,"chest_pain,cough,nausea,fatigue,chills",27,4,Hypertension,99.2,113.0,110/66,South
P0122,46.0,Male,"fatigue,headache",29,4,Hypertension,96.7,77.0,166/95,Central
P0123,81.0,Other,"vomiting,headache,chills,fatigue",47,4,Typhoid,99.0,61.0,178/109,Central
P0124,55.0,Other,"headache,sweating",28,2,Hypertension,97.2,98.0,115/83,West
P0125,67.0,Male,"sweating,cough,chills,vomiting",35,3,Asthma,97.5,107.0,144/86,South
P0126,56.0,Other,"shortness_of_breath,chills,fever,headache,vomiting",8,5,Diabetes,99.3,88.0,128/96,South
P0127,8.0,Female,"nausea,fever,vomiting",16,3,Hypertension,98.0,100.0,173/97,North
P0128,27.0,Other,"fatigue,chest_pain,shortness_of_breath,cough,chills",42,3,Hypertension,99.2,70.0,122/89,North
P0129,19.0,Female,"sweating,chills,chest_pain,vomiting",36,2,Typhoid,98.3,73.0,103/86,West
P0130,47.0,Female,"fatigue,vomiting,headache",30,3,Asthma,98.7,56.0,145/98,East
P0131,33.0,Other,"fever,vomiting,cough,sweating",18,1,Diabetes,99.3,64.0,170/74,East
P0132,40.0,Male,"fever,headache,shortness_of_breath,nausea",2,4,Typhoid,98.1,104.0,110/85,East
P0133,17.0,Female,"headache,chills,fever,sweating",49,1,Typhoid,97.1,66.0,135/60,South
P0134,36.0,Male,"cough,fever,shortness_of_breath,chills",13,5,Malaria,97.8,76.0,105/63,South
P0135,75.0,Female,"shortness_of_breath,fever,sweating",4,4,Asthma,100.4,86.0,105/88,Central
P0136,63.0,Other,"chest_pain,headache,chills,vomiting,fatigue",26,3,Diabetes,98.8,55.0,173/60,South
P0137,32.0,Other,"headache,cough",25,5,Asthma,97.3,108.0,118/102,South
P0138,70.0,Female,"nausea,fatigue",30,4,Diabetes,99.2,112.0,97/109,South
P0139,46.0,Other,"fever,fatigue,chest_pain,vomiting",11,3,Asthma,99.3,72.0,177/105,West
P0140,49.0,Female,"chest_pain,cough",7,1,Typhoid,99.4,60.0,92/81,South
P0141,66.0,Other,"vomiting,fatigue",31,4,Typhoid,97.1,99.0,178/70,North
P0142,61.0,Male,"chills,headache,shortness_of_breath,sweating,vomiting",44,3,Flu,97.6,77.0,108/69,North
P0143,10.0,Other,"headache,fatigue,chills,cough,vomiting",10,1,Hypertension,97.6,77.0,155/76,Central
P0144,32.0,Male,"nausea,sweating,chest_pain,fever,cough",39,5,Malaria,98.1,80.0,168/95,West
P0145,32.0,Other,"cough,shortness_of_breath,chills,fever,vomiting",13,5,Asthma,99.4,61.0,175/106,North
P0146,48.0,Male,"sweating,shortness_of_breath,vomiting",31,5,Malaria,99.0,98.0,163/85,West
P0147,34.0,Other,"nausea,chest_pain,fatigue,cough,headache",7,5,Flu,99.2,81.0,171/107,West
P0148,66.0,Male,"fatigue,nausea,cough,vomiting,chest_pain",56,2,Hypertension,100.6,80.0,111/80,Central
P0149,79.0,Female,"fever,cough",49,4,Asthma,99.6,90.0,135/72,West
P0150,66.0,Female,"shortness_of_breath,chest_pain",42,4,Diabetes,98.4,109.0,102/68,South
P0151,5.0,Male,"sweating,fever,chills,cough,vomiting",42,2,Hypertension,96.8,118.0,122/70,West
P0152,31.0,Other,"vomiting,sweating",56,3,Typhoid,97.5,111.0,94/70,Central
P0153,66.0,Male,"chest_pain,chills,shortness_of_breath,nausea",36,3,Flu,98.2,115.0,179/65,Central
P0154,81.0,Other,"vomiting,fatigue,sweating,fever",20,5,Hypertension,99.8,56.0,166/60,Central
P0155,7.0,Female,"shortness_of_breath,cough,headache,fever,nausea",4,1,Hypertension,98.6,109.0,116/65,North
P0156,74.0,Other,"fever,chills,shortness_of_breath,chest_pain,cough",54,3,Typhoid,97.6,92.0,167/72,South
P0157,76.0,Female,"chest_pain,cough",7,1,Asthma,97.5,83.0,113/81,North
P0158,31.0,Other,"fatigue,fever,sweating",54,4,Diabetes,98.5,80.0,156/90,East
P0159,13.0,Other,"chills,fatigue",1,1,Typhoid,99.9,89.0,152/81,South
P0160,66.0,Other,"shortness_of_breath,chills,chest_pain,nausea,fever",44,4,Diabetes,101.0,83.0,137/96,West
P0161,41.0,Male,"shortness_of_breath,fatigue",56,2,Asthma,98.3,88.0,152/106,Central
P0162,55.0,Male,"chills,chest_pain,shortness_of_breath,cough,fever",45,2,Hypertension,98.5,95.0,167/86,East
P0163,48.0,Female,"vomiting,headache,fever",42,5,Diabetes,96.8,95.0,101/109,South
P0164,28.0,Female,"chills,fever,shortness_of_breath,chest_pain,nausea",47,3,Flu,101.5,77.0,117/73,North
P0165,83.0,Male,"fatigue,nausea,vomiting,shortness_of_breath",59,5,Flu,96.5,57.0,133/106,Central
P0166,63.0,Female,"headache,vomiting,cough,fatigue,fever",13,4,Typhoid,100.4,112.0,132/64,North
P0167,36.0,Male,"cough,sweating,headache,fatigue",55,5,Asthma,98.1,86.0,106/95,South
P0168,56.0,Other,"vomiting,fever,sweating,shortness_of_breath,nausea",22,1,Typhoid,97.7,85.0,129/91,South
P0169,66.0,Female,"fever,nausea,headache,fatigue,sweating",54,4,Typhoid,96.9,97.0,138/93,East
P0170,62.0,Female,"chills,cough,fatigue",21,2,Malaria,102.2,61.0,174/66,West
P0171,56.0,Male,"sweating,nausea,cough,vomiting,fatigue",22,3,Typhoid,98.9,55.0,146/101,North
P0172,16.0,Female,"headache,cough,fever",28,4,Malaria,98.6,115.0,176/107,East
P0173,43.0,Female,"fatigue,shortness_of_breath,fever,headache",9,4,Flu,99.9,68.0,173/69,Central
P0174,6.0,Other,"headache,chest_pain,fatigue,sweating,chills",26,1,Flu,97.6,106.0,153/109,West
P0175,7.0,Female,"nausea,cough,fever",9,3,Typhoid,98.6,60.0,164/76,East
P0176,60.0,Other,"sweating,chest_pain,vomiting",15,2,Flu,98.7,64.0,146/89,North
P0177,63.0,Male,"fever,sweating",10,4,Asthma,97.8,84.0,163/80,South
P0178,6.0,Female,"cough,fatigue,nausea,chills,vomiting",24,4,Malaria,100.4,75.0,163/72,Central
P0179,6.0,Other,"cough,headache,shortness_of_breath,chest_pain,nausea",58,1,Malaria,98.3,114.0,159/60,North
P0180,58.0,Male,"headache,fatigue,shortness_of_breath",57,5,Typhoid,96.3,117.0,177/60,West
P0181,5.0,Female,"fever,vomiting,chills,headache,nausea",42,2,Flu,98.1,96.0,165/106,West
P0182,23.0,Male,"nausea,sweating,chills,vomiting",8,3,Diabetes,99.0,105.0,132/92,South
P0183,6.0,Female,"fatigue,chills,vomiting,cough",24,4,Malaria,97.3,118.0,112/97,South
P0184,57.0,Male,"shortness_of_breath,fatigue,headache,nausea",16,4,Typhoid,97.4,110.0,116/84,Central
P0185,48.0,Male,"cough,nausea,fatigue,sweating,shortness_of_breath",49,2,Typhoid,97.8,95.0,147/85,Central
P0186,36.0,Other,"nausea,shortness_of_breath",26,5,Asthma,100.4,86.0,126/72,South
P0187,74.0,Male,"chest_pain,headache,fever,chills",27,4,Hypertension,97.9,69.0,95/87,South
P0188,36.0,Female,"fever,fatigue,sweating,nausea,cough",37,2,Hypertension,100.7,116.0,154/92,West
P0189,72.0,Female,"sweating,fever,vomiting",4,1,Malaria,97.7,81.0,95/96,South
P0190,59.0,Other,"nausea,fatigue,chest_pain",50,5,Asthma,99.1,82.0,139/100,East
P0191,79.0,Female,"fever,fatigue,shortness_of_breath",24,3,Asthma,97.9,118.0,111/89,North
P0192,60.0,Female,"fatigue,shortness_of_breath,nausea,sweating",19,4,Asthma,99.7,113.0,177/108,South
P0193,21.0,Female,"fever,cough,chest_pain",36,2,Malaria,96.9,112.0,114/107,Central
P0194,42.0,Male,"shortness_of_breath,headache,nausea",39,1,Hypertension,99.7,56.0,168/67,East
P0195,28.0,Male,"chest_pain,sweating,chills",10,3,Asthma,98.8,90.0,179/108,Central
P0196,73.0,Female,"chills,chest_pain,nausea",25,2,Flu,97.6,67.0,161/106,East
P0197,74.0,Other,"fever,chest_pain,vomiting",18,2,Typhoid,98.4,69.0,140/60,South
P0198,15.0,Male,"chills,cough,sweating,vomiting,fatigue",19,3,Typhoid,100.9,114.0,177/71,North
P0199,20.0,Other,"fever,vomiting,headache,chest_pain,sweating",36,1,Diabetes,98.8,76.0,137/64,Central
P0200,77.0,Female,"fatigue,cough,nausea",10,1,Diabetes,97.5,117.0,159/83,East
P0201,63.0,Female,"chills,headache,sweating,nausea",33,5,Malaria,96.8,79.0,154/65,West
P0202,74.0,Male,"fatigue,fever,sweating,chills",55,4,Malaria,99.4,102.0,149/84,South
P0203,84.0,Female,"sweating,nausea,shortness_of_breath,chest_pain",50,3,Typhoid,98.9,97.0,135/60,North
P0204,7.0,Male,"sweating,fatigue",5,3,Flu,99.6,92.0,125/84,South
P0205,24.0,Female,"fever,chills",47,3,Hypertension,96.4,95.0,147/60,West
P0206,63.0,Female,"vomiting,chest_pain,nausea",49,1,Hypertension,96.8,99.0,165/91,North
P0207,40.0,Male,"fatigue,headache,chest_pain",35,4,Malaria,100.3,94.0,127/101,West
P0208,23.0,Male,"fatigue,chills",44,5,Flu,99.1,71.0,100/101,South
P0209,71.0,Male,"vomiting,chills,chest_pain",34,2,Malaria,99.4,111.0,101/62,East
P0210,23.0,Female,"fatigue,chest_pain,cough,chills",33,2,Hypertension,97.2,56.0,131/108,South
P0211,24.0,Female,"vomiting,chills",55,3,Malaria,97.1,116.0,128/78,South
P0212,75.0,Other,"fatigue,nausea,headache,shortness_of_breath",21,4,Asthma,100.1,63.0,160/102,South
P0213,56.0,Male,"chest_pain,cough,nausea",17,1,Malaria,100.2,71.0,100/88,Central
P0214,37.0,Female,"headache,fatigue,chills,fever",22,4,Typhoid,97.0,104.0,125/109,West
P0215,44.0,Female,"chest_pain,headache,vomiting,cough",48,4,Malaria,96.7,94.0,141/61,West
P0216,43.0,Male,"sweating,vomiting,cough,headache",37,1,Typhoid,98.4,112.0,120/68,West
P0217,5.0,Other,"vomiting,shortness_of_breath,fever,cough",15,3,Flu,97.4,75.0,122/76,Central
P0218,15.0,Male,"fever,nausea",35,4,Hypertension,97.4,72.0,102/105,East
P0219,61.0,Other,"chills,vomiting,chest_pain",28,2,Diabetes,96.7,109.0,107/95,South
P0220,54.0,Female,"shortness_of_breath,vomiting,headache,nausea",7,1,Diabetes,97.9,83.0,130/76,East
P0221,27.0,Other,"cough,fever,headache,vomiting",32,5,Hypertension,96.9,78.0,147/108,Central
P0222,35.0,Female,"headache,shortness_of_breath,sweating,fever,nausea",11,3,Diabetes,97.0,71.0,145/71,West
P0223,46.0,Male,"cough,vomiting,shortness_of_breath,chest_pain",10,1,Malaria,99.0,72.0,113/79,South
P0224,11.0,Male,"headache,shortness_of_breath,cough,chest_pain",9,5,Flu,98.5,96.0,162/109,North
P0225,20.0,Male,"cough,headache,vomiting,nausea",14,5,Flu,99.3,99.0,120/62,North
P0226,64.0,Other,"fatigue,shortness_of_breath,fever,nausea,vomiting",13,4,Hypertension,96.1,71.0,144/102,East
P0227,6.0,Female,"fatigue,chest_pain,cough,sweating,headache",57,4,Diabetes,98.6,68.0,99/109,West
P0228,5.0,Male,"fatigue,fever,cough,vomiting,shortness_of_breath",25,4,Malaria,101.7,103.0,149/63,North
P0229,52.0,Male,"fatigue,chest_pain,nausea,vomiting,shortness_of_breath",2,1,Flu,98.0,83.0,91/76,East
P0230,16.0,Female,"chills,cough,vomiting",35,1,Flu,99.8,58.0,104/109,Central
P0231,73.0,Male,"sweating,chest_pain,vomiting,shortness_of_breath,fatigue",7,3,Asthma,99.8,74.0,92/96,East
P0232,41.0,Female,"shortness_of_breath,sweating,chills,vomiting,fatigue",21,4,Asthma,99.9,101.0,132/105,East
P0233,36.0,Female,"sweating,fever,shortness_of_breath,vomiting,headache",18,5,Flu,98.8,63.0,120/101,East
P0234,13.0,Female,"chest_pain,headache,nausea",3,2,Hypertension,99.4,81.0,159/74,South
P0235,23.0,Female,"fever,fatigue,chills,cough,vomiting",42,3,Typhoid,99.6,69.0,156/92,East
P0236,52.0,Female,"chest_pain,cough,vomiting",54,1,Typhoid,99.6,73.0,145/75,East
P0237,84.0,Other,"shortness_of_breath,cough,vomiting,sweating,fatigue",39,3,Malaria,96.9,106.0,152/70,South
P0238,7.0,Male,"sweating,chills,fatigue,chest_pain,shortness_of_breath",41,3,Flu,96.0,80.0,164/79,South
P0239,24.0,Other,"chills,nausea,headache",49,3,Flu,96.3,80.0,104/97,Central
P0240,28.0,Male,"fever,sweating,shortness_of_breath,nausea,headache",11,3,Flu,98.2,80.0,99/83,West
P0241,58.0,Other,"fever,chest_pain,fatigue,chills,nausea",39,2,Hypertension,99.5,100.0,127/75,North
P0242,37.0,Female,"chest_pain,vomiting,chills,shortness_of_breath,sweating",24,4,Asthma,96.9,103.0,136/89,North
P0243,28.0,Male,"chills,headache,shortness_of_breath,sweating",46,5,Flu,100.0,107.0,146/93,East
P0244,79.0,Male,"vomiting,shortness_of_breath,cough,nausea",19,3,Flu,97.8,57.0,139/60,Central
P0245,76.0,Other,"headache,chest_pain",4,3,Diabetes,97.9,96.0,160/83,East
P0246,40.0,Other,"cough,fatigue,nausea,headache,chest_pain",26,3,Hypertension,97.3,73.0,104/83,North
P0247,42.0,Male,"vomiting,headache,fatigue",38,4,Malaria,95.8,71.0,107/68,South
P0248,29.0,Other,"nausea,chest_pain,fever,sweating,headache",42,1,Flu,98.9,87.0,171/81,West
P0249,22.0,Other,"sweating,vomiting,fatigue,nausea",32,1,Diabetes,101.2,103.0,177/71,Central
P0250,70.0,Other,"chills,fever,vomiting,fatigue,chest_pain",39,2,Typhoid,98.5,110.0,91/76,South
P0251,58.0,Female,"chest_pain,fatigue",45,1,Malaria,95.8,117.0,173/84,West
P0252,39.0,Female,"headache,chest_pain,fatigue,fever,nausea",46,3,Flu,99.8,57.0,132/87,Central
P0253,84.0,Other,"shortness_of_breath,fatigue",36,3,Flu,96.2,103.0,115/74,Central
P0254,65.0,Other,"nausea,cough,chills,sweating,fever",40,3,Diabetes,96.8,109.0,160/89,North
P0255,45.0,Female,"chest_pain,fatigue,vomiting",37,2,Hypertension,98.2,80.0,127/86,South
P0256,37.0,Female,"sweating,fever,cough",33,3,Flu,98.8,106.0,131/81,Central
P0257,72.0,Male,"sweating,nausea,cough,chest_pain",36,1,Typhoid,97.1,61.0,94/69,Central
P0258,37.0,Male,"chills,vomiting,sweating",3,4,Flu,98.2,100.0,100/90,West
P0259,18.0,Female,"cough,sweating,fatigue,chest_pain",9,4,Typhoid,99.7,100.0,154/86,North
P0260,25.0,Other,"shortness_of_breath,chest_pain",8,5,Malaria,99.9,70.0,123/71,East
P0261,52.0,Other,"sweating,vomiting",33,1,Malaria,100.5,78.0,90/105,North
P0262,24.0,Other,"chest_pain,shortness_of_breath,sweating",59,3,Asthma,101.5,115.0,172/90,East
P0263,12.0,Other,"chills,vomiting",6,4,Asthma,99.8,108.0,91/91,South
P0264,11.0,Male,"shortness_of_breath,sweating,fatigue",41,1,Typhoid,98.3,116.0,174/91,South
P0265,71.0,Female,"fatigue,fever,shortness_of_breath,sweating,vomiting",39,4,Hypertension,99.9,55.0,109/100,Central
P0266,21.0,Other,"shortness_of_breath,fatigue",4,3,Flu,99.3,103.0,150/104,South
P0267,37.0,Male,"cough,headache,nausea,shortness_of_breath",13,4,Flu,99.4,79.0,176/94,Central
P0268,52.0,Other,"headache,fever,fatigue,chills",49,5,Asthma,98.9,64.0,110/105,North
P0269,80.0,Female,"sweating,chest_pain,fever,headache",2,5,Typhoid,97.2,70.0,177/80,South
P0270,63.0,Male,"fatigue,vomiting,nausea,fever",5,4,Flu,97.1,112.0,157/69,North
P0271,26.0,Female,"chills,fatigue,fever,vomiting,nausea",44,1,Flu,98.5,83.0,101/75,North
P0272,34.0,Female,"sweating,vomiting,chills,fatigue,chest_pain",27,1,Hypertension,98.8,60.0,111/66,South
P0273,42.0,Male,"chills,shortness_of_breath",32,1,Diabetes,97.6,70.0,109/63,North
P0274,55.0,Male,"shortness_of_breath,nausea,vomiting",21,4,Asthma,99.2,74.0,171/86,South
P0275,58.0,Male,"vomiting,headache",8,1,Asthma,101.7,97.0,90/84,South
P0276,12.0,Male,"chest_pain,nausea,vomiting",38,3,Diabetes,96.0,80.0,119/90,South
P0277,31.0,Male,"vomiting,cough,chest_pain",8,5,Flu,99.5,87.0,113/70,East
P0278,31.0,Male,"sweating,nausea",50,3,Hypertension,98.5,80.0,103/107,North
P0279,25.0,Male,"shortness_of_breath,chest_pain,fatigue,sweating",3,1,Hypertension,99.3,99.0,125/79,West
P0280,34.0,Other,"nausea,vomiting,fatigue,shortness_of_breath",54,3,Asthma,98.0,117.0,158/95,South
P0281,32.0,Female,"fever,nausea",44,1,Hypertension,98.4,106.0,164/76,North
P0282,68.0,Male,"chest_pain,sweating,chills",58,4,Malaria,98.8,80.0,113/104,Central
P0283,73.0,Other,"fever,nausea",3,3,Diabetes,98.1,56.0,149/70,South
P0284,65.0,Other,"vomiting,headache,sweating",22,4,Flu,106.0,68.0,144/89,South
P0285,52.0,Other,"cough,nausea,chills",6,4,Malaria,98.2,84.0,166/94,West
P0286,23.0,Female,"sweating,headache",2,2,Diabetes,96.5,103.0,169/100,East
P0287,8.0,Male,"chest_pain,fever,shortness_of_breath",23,1,Typhoid,99.6,66.0,113/97,East
P0288,39.0,Other,"vomiting,headache",44,5,Asthma,95.8,98.0,166/81,South
P0289,68.0,Female,"cough,nausea,sweating,chest_pain,shortness_of_breath",2,1,Hypertension,100.1,87.0,113/102,North
P0290,53.0,Female,"sweating,fever,vomiting",38,5,Typhoid,99.2,67.0,143/107,Central
P0291,21.0,Female,"headache,cough,fatigue,shortness_of_breath",17,1,Hypertension,99.3,80.0,115/86,Central
P0292,48.0,Other,"nausea,chills,headache",35,4,Malaria,95.4,75.0,155/96,North
P0293,34.0,Male,"shortness_of_breath,fever,chills,chest_pain",34,3,Flu,98.1,82.0,169/105,South
P0294,50.0,Other,"cough,chest_pain",23,3,Flu,100.3,102.0,127/108,Central
P0295,10.0,Other,"nausea,fatigue",30,2,Flu,97.8,94.0,154/94,East
P0296,41.0,Male,"fever,chest_pain,vomiting",52,5,Hypertension,97.0,77.0,164/63,North
P0297,28.0,Male,"fatigue,nausea",8,5,Typhoid,97.6,102.0,140/75,West
P0298,50.0,Male,"fever,shortness_of_breath,chest_pain",22,5,Flu,98.5,56.0,124/75,South
P0299,57.0,Female,"cough,shortness_of_breath,chills,chest_pain,nausea",44,4,Typhoid,97.3,200.0,132/80,North
P0300,64.0,Male,"nausea,cough",58,5,Hypertension,100.5,113.0,118/85,Central
P0301,67.0,Other,"fever,headache,chills,shortness_of_breath,vomiting",36,3,Malaria,98.5,100.0,126/95,South
P0302,36.0,Male,"cough,nausea,fatigue",5,4,Typhoid,97.8,57.0,170/78,East
P0303,37.0,Other,"fever,shortness_of_breath",13,1,Malaria,96.6,109.0,147/76,South
P0304,71.0,Female,"chest_pain,sweating,chills",29,5,Hypertension,99.3,66.0,143/104,South
P0305,22.0,Other,"headache,chills",31,5,Hypertension,99.3,94.0,128/85,East
P0306,29.0,Other,"chills,fatigue",47,1,Asthma,97.4,70.0,131/81,East
P0307,58.0,Male,"shortness_of_breath,cough",57,5,Hypertension,95.2,88.0,117/87,South
P0308,62.0,Male,"cough,fatigue,headache",55,1,Hypertension,99.2,98.0,118/60,East
P0309,71.0,Other,"fatigue,vomiting,headache,cough",16,4,Diabetes,98.3,60.0,132/103,North
P0310,50.0,Male,"sweating,fever,chills,nausea,headache",42,3,Flu,99.1,118.0,92/95,East
P0311,28.0,Female,"headache,sweating",30,1,Asthma,101.5,76.0,99/102,East
P0312,36.0,Female,"headache,chills,fever,sweating,vomiting",57,2,Asthma,98.6,72.0,148/96,South
P0313,51.0,Male,"sweating,vomiting",55,1,Asthma,97.8,66.0,103/61,North
P0314,27.0,Female,"chills,fatigue",16,5,Diabetes,96.9,106.0,165/76,West
P0315,70.0,Male,"chills,sweating",12,4,Malaria,98.1,105.0,136/99,West
P0316,31.0,Other,"cough,fatigue,chills,chest_pain,fever",17,4,Hypertension,98.8,102.0,131/97,Central
P0317,6.0,Other,"chest_pain,headache,chills,sweating,shortness_of_breath",16,1,Flu,98.7,73.0,121/80,East
P0318,21.0,Female,"nausea,fever,sweating,fatigue,shortness_of_breath",12,3,Typhoid,101.2,60.0,121/68,East
P0319,37.0,Male,"fatigue,vomiting",8,2,Malaria,99.3,81.0,131/72,North
P0320,13.0,Male,"fever,cough",20,4,Hypertension,98.4,107.0,121/70,West
P0321,47.0,Female,"headache,shortness_of_breath,fever",3,5,Diabetes,97.5,102.0,115/75,Central
P0322,52.0,Other,"headache,fatigue",16,5,Hypertension,99.0,61.0,90/75,North
P0323,43.0,Female,"sweating,fever,nausea,vomiting",30,3,Hypertension,97.2,113.0,145/61,East
P0324,46.0,Other,"sweating,headache,fever,chills,chest_pain",45,4,Diabetes,98.9,65.0,91/101,West
P0325,30.0,Male,"chills,vomiting",23,1,Asthma,99.3,69.0,170/103,Central
P0326,54.0,Other,"nausea,vomiting,sweating,fever,cough",28,5,Asthma,98.3,118.0,119/67,South
P0327,29.0,Female,"headache,sweating,chest_pain,cough,fatigue",51,3,Flu,97.7,57.0,160/102,West
P0328,28.0,Male,"vomiting,sweating,shortness_of_breath",40,4,Flu,95.3,77.0,141/101,Central
P0329,17.0,Female,"vomiting,chills",54,4,Asthma,100.3,107.0,98/72,North
P0330,64.0,Female,"chills,fatigue,chest_pain,headache,shortness_of_breath",5,4,Malaria,99.2,91.0,111/76,South
P0331,11.0,Other,"chest_pain,cough,fatigue,chills,sweating",20,4,Typhoid,99.2,63.0,123/98,Central
P0332,61.0,Female,"vomiting,headache",40,4,Hypertension,96.3,69.0,138/83,Central
P0333,40.0,Other,"headache,fever,chills",56,5,Typhoid,100.7,57.0,90/62,East
P0334,49.0,Male,"shortness_of_breath,chills,vomiting,fever",44,3,Hypertension,97.9,71.0,162/89,West
P0335,24.0,Other,"fatigue,chest_pain,sweating",1,4,Asthma,98.2,80.0,173/72,East
P0336,69.0,Male,"nausea,fever,sweating",57,2,Flu,97.0,75.0,142/78,South
P0337,12.0,Other,"chills,shortness_of_breath",30,2,Malaria,95.9,75.0,172/66,Central
P0338,20.0,Female,"headache,chills,cough,chest_pain",21,3,Flu,100.3,65.0,129/68,East
P0339,18.0,Other,"nausea,headache,sweating,shortness_of_breath",20,1,Typhoid,100.5,92.0,134/78,West
P0340,80.0,Other,"fatigue,shortness_of_breath,nausea,headache,vomiting",6,1,Flu,98.4,89.0,157/104,South
P0341,19.0,Male,"shortness_of_breath,fever,chest_pain,sweating",22,1,Asthma,97.6,68.0,98/99,North
P0342,70.0,Female,"cough,vomiting,shortness_of_breath",18,2,Malaria,98.0,68.0,111/81,East
P0343,36.0,Other,"headache,chest_pain,sweating",8,1,Typhoid,98.1,64.0,107/77,South
P0344,67.0,Female,"fever,nausea,fatigue,chest_pain,cough",39,5,Malaria,96.8,66.0,165/82,North
P0345,55.0,Other,"nausea,chest_pain,chills,headache",32,4,Hypertension,98.2,92.0,132/61,East
P0346,29.0,Other,"sweating,shortness_of_breath,nausea,vomiting",33,2,Flu,98.8,88.0,128/109,South
P0347,62.0,Female,"sweating,shortness_of_breath,cough,vomiting,chest_pain",53,3,Malaria,100.1,95.0,162/109,South
P0348,67.0,Other,"nausea,headache",16,3,Diabetes,98.6,64.0,95/70,East
P0349,66.0,Female,"cough,chills,vomiting,shortness_of_breath",12,4,Flu,96.2,71.0,172/90,South
P0350,26.0,Other,"chills,chest_pain,fever,fatigue,vomiting",38,2,Hypertension,99.1,71.0,137/92,Central
P0351,62.0,Male,"nausea,chills",52,1,Malaria,98.2,116.0,96/73,East
P0352,62.0,Female,"sweating,chills",34,1,Typhoid,100.7,55.0,169/75,South
P0353,53.0,Other,"headache,fever,chest_pain",14,5,Hypertension,100.7,66.0,158/70,North
P0354,56.0,Other,"headache,chills,fatigue,shortness_of_breath",36,5,Diabetes,100.8,58.0,105/92,North
P0355,46.0,Male,"headache,chills",33,1,Malaria,97.8,96.0,90/66,Central
P0356,74.0,Female,"headache,chills",23,3,Asthma,101.6,67.0,126/90,East
P0357,19.0,Other,"cough,headache,fever,fatigue,sweating",50,3,Flu,99.1,58.0,172/107,South
P0358,58.0,Male,"nausea,vomiting,shortness_of_breath,sweating",45,5,Typhoid,101.0,73.0,126/105,South
P0359,64.0,Other,"headache,chills,shortness_of_breath,nausea",2,4,Asthma,97.8,56.0,170/106,North
P0360,12.0,Female,"sweating,chest_pain,nausea,headache,fatigue",41,1,Malaria,98.2,66.0,153/73,Central
P0361,57.0,Other,"vomiting,chest_pain,fatigue",21,5,Malaria,99.0,60.0,179/87,North
P0362,64.0,Other,"fatigue,cough,chills,headache,sweating",2,5,Hypertension,98.8,62.0,175/102,North
P0363,9.0,Other,"sweating,fever,fatigue,chills,headache",27,1,Malaria,100.5,105.0,151/75,Central
P0364,72.0,Other,"shortness_of_breath,headache,chest_pain,vomiting,chills",57,1,Typhoid,98.3,65.0,161/78,East
P0365,10.0,Male,"fever,fatigue,cough,chest_pain",9,3,Asthma,100.3,117.0,150/76,South
P0366,51.0,Male,"shortness_of_breath,chills,cough,vomiting",1,4,Typhoid,99.7,111.0,122/85,East
P0367,59.0,Female,"fatigue,headache,sweating,cough",11,4,Diabetes,98.3,66.0,155/65,West
P0368,44.0,Male,"nausea,cough,vomiting",3,1,Diabetes,99.6,56.0,119/102,West
P0369,56.0,Male,"headache,chest_pain,fever,nausea",52,2,Flu,97.9,62.0,109/108,West
P0370,20.0,Female,"cough,fever,chills",23,5,Flu,102.1,65.0,149/68,Central
P0371,17.0,Male,"chest_pain,fatigue",26,5,Diabetes,94.6,107.0,171/109,North
P0372,34.0,Male,"nausea,fever,shortness_of_breath,cough,chills",4,1,Malaria,99.6,64.0,163/76,East
P0373,23.0,Female,"chills,vomiting,sweating,fever",18,2,Typhoid,96.0,62.0,113/90,South
P0374,21.0,Female,"fatigue,sweating,chills,chest_pain",55,3,Diabetes,98.3,90.0,93/71,West
P0375,67.0,Female,"vomiting,sweating,shortness_of_breath,fatigue",6,1,Flu,98.5,68.0,126/82,East
P0376,23.0,Other,"fatigue,nausea,cough,fever",35,1,Diabetes,100.9,108.0,93/64,West
P0377,62.0,Other,"sweating,chills",22,5,Malaria,97.6,75.0,166/102,West
P0378,59.0,Female,"chest_pain,vomiting,cough,fever",43,1,Diabetes,100.6,104.0,178/95,South
P0379,66.0,Female,"fever,sweating",15,1,Typhoid,96.8,93.0,166/95,Central
P0380,27.0,Female,"sweating,chills",22,1,Asthma,100.6,74.0,107/62,North
P0381,13.0,Other,"fatigue,chest_pain",37,5,Malaria,97.9,61.0,177/83,Central
P0382,16.0,Other,"cough,sweating,headache,nausea",52,3,Flu,98.7,63.0,155/76,East
P0383,5.0,Male,"cough,chest_pain,headache,vomiting,shortness_of_breath",42,3,Typhoid,98.1,55.0,137/98,Central
P0384,62.0,Male,"nausea,chills",12,1,Diabetes,100.5,80.0,122/85,East
P0385,5.0,Female,"vomiting,shortness_of_breath,fatigue,chest_pain,cough",47,5,Diabetes,100.2,92.0,147/63,East
P0386,38.0,Other,"fatigue,cough",49,3,Asthma,99.3,92.0,172/104,North
P0387,52.0,Other,"sweating,cough,headache,fever",42,3,Flu,96.9,115.0,162/71,South
P0388,5.0,Other,"chest_pain,shortness_of_breath,sweating",38,3,Flu,97.5,98.0,117/60,North
P0389,20.0,Female,"chest_pain,nausea,headache,fever",18,5,Hypertension,97.1,98.0,124/80,Central
P0390,65.0,Male,"nausea,chest_pain,sweating",45,5,Flu,95.2,116.0,99/78,East
P0391,68.0,Female,"nausea,fatigue,cough",35,1,Asthma,100.5,60.0,154/80,West
P0392,67.0,Male,"headache,fatigue,vomiting,sweating,chest_pain",30,4,Hypertension,98.1,71.0,131/77,West
P0393,73.0,Male,"fever,fatigue,shortness_of_breath,vomiting,sweating",24,3,Hypertension,98.1,105.0,174/102,East
P0394,26.0,Female,"fever,headache,sweating,fatigue",42,4,Diabetes,100.8,92.0,98/62,North
P0395,71.0,Male,"fatigue,shortness_of_breath,vomiting",30,5,Diabetes,97.9,78.0,149/108,South
P0396,80.0,Male,"headache,chest_pain,fatigue,fever,nausea",14,5,Flu,97.3,105.0,104/103,North
P0397,30.0,Other,"vomiting,chills,sweating,cough",6,5,Hypertension,98.3,64.0,146/91,East
P0398,20.0,Male,"fever,cough,shortness_of_breath,headache,fatigue",3,4,Diabetes,96.9,75.0,158/69,East
P0399,55.0,Female,"fatigue,headache",16,5,Asthma,99.1,111.0,111/99,South
P0400,61.0,Female,"cough,shortness_of_breath,chest_pain,headache",7,1,Diabetes,98.0,93.0,153/74,Central
P0401,33.0,Male,"chills,headache,vomiting",52,5,Malaria,97.8,87.0,130/64,Central
P0402,82.0,Other,"sweating,cough,nausea",14,2,Malaria,97.7,113.0,176/63,South
P0403,73.0,Other,"nausea,fatigue,chills,shortness_of_breath,cough",9,4,Diabetes,98.4,72.0,160/87,Central
P0404,51.0,Male,"cough,headache,fatigue,vomiting",15,2,Hypertension,98.7,110.0,145/63,West
P0405,66.0,Male,"shortness_of_breath,fever",21,5,Hypertension,97.8,111.0,112/74,Central
P0406,73.0,Female,"fatigue,cough,chills,sweating",35,1,Typhoid,98.1,102.0,114/76,Central
P0407,80.0,Male,"shortness_of_breath,fever,cough,headache,chills",2,3,Malaria,98.5,96.0,95/103,Central
P0408,20.0,Other,"cough,shortness_of_breath,fatigue,nausea,chest_pain",27,5,Asthma,98.3,81.0,123/62,West
P0409,52.0,Male,"shortness_of_breath,sweating,chills,fever",2,1,Hypertension,98.6,106.0,152/69,Central
P0410,43.0,Female,"shortness_of_breath,fever,headache,nausea",35,4,Flu,97.6,96.0,98/106,West
P0411,37.0,Female,"vomiting,fever,nausea,headache,shortness_of_breath",18,2,Malaria,100.1,86.0,149/101,South
P0412,27.0,Female,"vomiting,shortness_of_breath,headache,fever,fatigue",14,2,Asthma,98.7,80.0,138/82,North
P0413,14.0,Female,"nausea,fatigue,fever",20,2,Asthma,97.8,79.0,140/77,South
P0414,73.0,Female,"shortness_of_breath,cough",18,4,Hypertension,99.1,77.0,149/60,North
P0415,38.0,Male,"nausea,headache",10,1,Asthma,98.5,111.0,159/94,South
P0416,56.0,Male,"cough,headache,chest_pain",25,4,Hypertension,96.0,106.0,126/90,North
P0417,14.0,Male,"nausea,chills",2,2,Diabetes,99.1,85.0,120/103,North
P0418,23.0,Male,"fever,fatigue,vomiting,chills,headache",25,5,Malaria,97.1,118.0,130/60,East
P0419,62.0,Female,"chest_pain,shortness_of_breath,cough,vomiting",54,3,Typhoid,100.0,87.0,151/62,North
P0420,5.0,Other,"headache,cough,chest_pain",33,4,Diabetes,98.2,56.0,147/62,North
P0421,73.0,Male,"fatigue,shortness_of_breath",36,4,Malaria,99.8,72.0,103/96,East
P0422,8.0,Other,"chest_pain,nausea",31,1,Hypertension,97.7,101.0,125/78,Central
P0423,20.0,Male,"chest_pain,fatigue",14,1,Malaria,98.7,87.0,125/88,Central
P0424,28.0,Male,"fever,chest_pain,shortness_of_breath,vomiting,cough",1,4,Hypertension,100.4,89.0,168/84,East
P0425,84.0,Other,"fatigue,vomiting,fever,shortness_of_breath,cough",46,2,Diabetes,98.2,105.0,97/92,West
P0426,6.0,Female,"nausea,chills,sweating",16,3,Flu,97.7,72.0,115/95,North
P0427,36.0,Male,"headache,chills,shortness_of_breath",54,1,Flu,99.6,84.0,125/88,North
P0428,28.0,Male,"shortness_of_breath,fever",46,2,Malaria,99.6,98.0,137/85,East
P0429,16.0,Male,"shortness_of_breath,headache,chills,fever",52,5,Flu,97.8,107.0,174/63,East
P0430,54.0,Other,"chest_pain,chills,sweating",3,1,Hypertension,95.6,64.0,117/108,West
P0431,39.0,Female,"vomiting,headache",35,2,Asthma,97.7,106.0,157/73,Central
P0432,37.0,Other,"headache,cough,chest_pain",41,2,Hypertension,99.6,103.0,151/109,South
P0433,37.0,Other,"chills,vomiting",6,3,Asthma,97.4,65.0,169/86,Central
P0434,65.0,Female,"shortness_of_breath,chest_pain,fever,cough",25,3,Diabetes,98.6,112.0,175/92,North
P0435,55.0,Other,"fatigue,sweating,fever",13,5,Typhoid,97.6,90.0,165/81,East
P0436,47.0,Female,"nausea,chills,shortness_of_breath",53,2,Asthma,95.7,87.0,169/107,West
P0437,16.0,Male,"nausea,cough,sweating",34,2,Flu,97.6,101.0,140/62,Central
P0438,71.0,Female,"headache,chills,vomiting,chest_pain,fatigue",8,3,Hypertension,99.6,67.0,131/82,West
P0439,69.0,Male,"headache,fatigue,chills",21,1,Diabetes,95.0,94.0,118/80,Central
P0440,37.0,Other,"nausea,fatigue,fever",34,1,Flu,99.0,96.0,171/100,North
P0441,44.0,Other,"shortness_of_breath,headache,sweating",4,4,Diabetes,96.8,73.0,99/82,South
P0442,78.0,Male,"headache,shortness_of_breath",25,3,Typhoid,99.5,73.0,128/63,West
P0443,47.0,Other,"chills,nausea,sweating,shortness_of_breath",15,4,Hypertension,99.7,112.0,171/80,West
P0444,48.0,Female,"fatigue,fever,sweating,vomiting,chills",4,3,Malaria,98.3,77.0,90/96,South
P0445,33.0,Male,"nausea,headache",45,5,Hypertension,98.3,108.0,128/102,West
P0446,17.0,Other,"vomiting,cough,sweating,chills,fatigue",12,2,Typhoid,97.4,119.0,110/90,West
P0447,16.0,Male,"cough,sweating,fatigue,headache",32,5,Hypertension,96.6,66.0,154/80,Central
P0448,50.0,Female,"nausea,fatigue,vomiting,headache",32,3,Malaria,101.1,78.0,104/85,Central
P0449,6.0,Female,"fever,sweating,headache",28,2,Asthma,97.3,88.0,93/100,South
P0450,39.0,Other,"fatigue,chest_pain,fever,cough",13,1,Diabetes,101.0,107.0,149/94,North
P0451,12.0,Female,"chills,chest_pain,sweating",31,1,Malaria,97.3,62.0,150/97,West
P0452,30.0,Male,"headache,chills,nausea",14,4,Flu,99.4,72.0,109/83,North
P0453,78.0,Female,"cough,headache",20,3,Typhoid,96.9,111.0,99/70,South
P0454,38.0,Male,"chest_pain,chills,fatigue,vomiting,shortness_of_breath",18,3,Asthma,99.4,59.0,176/100,South
P0455,11.0,Male,"fatigue,cough,headache",29,1,Flu,98.1,80.0,123/88,Central
P0456,72.0,Female,"sweating,chest_pain,chills,nausea,headache",6,5,Flu,98.1,84.0,137/106,West
P0457,62.0,Other,"shortness_of_breath,vomiting,cough,sweating",32,2,Typhoid,99.5,108.0,122/62,East
P0458,79.0,Female,"cough,headache,fever,chest_pain,vomiting",29,5,Asthma,97.9,67.0,150/60,South
P0459,33.0,Male,"fatigue,shortness_of_breath",43,5,Flu,96.5,83.0,99/78,West
P0460,40.0,Male,"cough,fatigue,nausea,shortness_of_breath",2,1,Flu,99.7,57.0,143/105,North
P0461,25.0,Female,"chills,nausea,fatigue,sweating",23,1,Asthma,96.9,112.0,173/108,Central
P0462,40.0,Other,"shortness_of_breath,fever",19,1,Hypertension,99.4,56.0,154/81,North
P0463,14.0,Other,"chest_pain,vomiting,sweating,chills",31,4,Flu,100.1,82.0,166/73,South
P0464,77.0,Male,"shortness_of_breath,vomiting,fever",51,5,Diabetes,98.0,56.0,90/108,South
P0465,28.0,Male,"nausea,chest_pain",5,3,Asthma,100.4,61.0,94/73,North
P0466,68.0,Other,"shortness_of_breath,nausea,fatigue",19,2,Flu,99.3,80.0,169/103,South
P0467,53.0,Female,"headache,fever,shortness_of_breath,chills",34,4,Typhoid,97.6,70.0,104/75,West
P0468,40.0,Male,"sweating,chills,vomiting",10,3,Malaria,100.7,77.0,117/92,South
P0469,28.0,Male,"fever,chest_pain,chills",25,5,Diabetes,96.9,94.0,112/72,Central
P0470,27.0,Other,"sweating,shortness_of_breath,chills",2,1,Malaria,98.0,114.0,106/97,West
P0471,66.0,Female,"cough,fever",11,5,Malaria,105.0,86.0,102/108,East
P0472,41.0,Other,"fever,nausea",50,2,Flu,99.5,69.0,103/71,South
P0473,16.0,Female,"cough,chest_pain",31,4,Diabetes,100.3,67.0,100/97,South
P0474,59.0,Female,"fatigue,nausea,shortness_of_breath",56,4,Diabetes,100.2,59.0,117/98,Central
P0475,17.0,Female,"nausea,chills,cough,fever",15,2,Hypertension,98.9,106.0,131/92,Central
P0476,27.0,Male,"sweating,shortness_of_breath,headache,chest_pain,vomiting",9,3,Malaria,107.0,95.0,150/92,North
P0477,34.0,Other,"fever,shortness_of_breath,nausea,chills,vomiting",23,3,Diabetes,95.9,107.0,153/88,North
P0478,21.0,Other,"chills,shortness_of_breath,fatigue,sweating",19,4,Hypertension,96.6,104.0,120/64,North
P0479,66.0,Female,"vomiting,shortness_of_breath",9,4,Asthma,101.2,69.0,170/65,Central
P0480,17.0,Male,"sweating,cough,fever,headache,vomiting",35,1,Hypertension,95.8,61.0,162/90,North
P0481,63.0,Male,"chest_pain,vomiting",21,3,Typhoid,97.4,94.0,99/75,North
P0482,23.0,Other,"headache,nausea,chills",9,2,Flu,100.3,82.0,97/90,East
P0483,53.0,Male,"cough,vomiting,chest_pain,fatigue,shortness_of_breath",28,3,Asthma,98.9,86.0,110/84,North
P0484,16.0,Male,"chest_pain,nausea",46,1,Asthma,100.0,69.0,166/107,South
P0485,65.0,Female,"fatigue,vomiting,fever,headache",51,4,Typhoid,99.4,119.0,148/105,Central
P0486,23.0,Male,"nausea,shortness_of_breath",7,4,Hypertension,100.8,58.0,139/92,West
P0487,80.0,Female,"nausea,vomiting,chills,fever",16,1,Flu,99.0,65.0,158/72,East
P0488,13.0,Other,"chest_pain,fatigue,fever,chills,vomiting",16,2,Hypertension,99.6,80.0,159/69,Central
P0489,75.0,Male,"chest_pain,headache,nausea,chills",33,4,Diabetes,97.5,115.0,119/83,Central
P0490,32.0,Other,"cough,headache,vomiting,shortness_of_breath",4,5,Hypertension,99.5,91.0,106/69,South
P0491,82.0,Other,"shortness_of_breath,chills",4,4,Asthma,98.0,77.0,164/100,North
P0492,56.0,Male,"vomiting,fever,fatigue",39,5,Flu,97.9,94.0,109/90,South
P0493,20.0,Male,"chest_pain,vomiting,sweating",40,1,Hypertension,99.9,77.0,137/72,North
P0494,73.0,Other,"fatigue,cough,vomiting,chest_pain,headache",17,1,Flu,100.0,70.0,162/62,North
P0495,16.0,Male,"headache,chills,chest_pain",37,4,Flu,101.1,115.0,91/109,Central
P0496,29.0,Female,"chills,cough,shortness_of_breath",39,3,Diabetes,101.0,85.0,126/93,North
P0497,56.0,Female,"nausea,cough,fever,chest_pain,shortness_of_breath",52,5,Diabetes,100.0,107.0,90/108,East
P0498,57.0,Male,"headache,fever",29,2,Asthma,96.0,79.0,93/87,East
P0499,27.0,Other,"chills,vomiting,headache",52,4,Typhoid,101.3,98.0,143/78,East
P0500,20.0,Male,"fatigue,fever",36,2,Flu,100.0,66.0,114/82,Central
P0501,61.0,Male,"chest_pain,headache,fatigue,fever",38,4,Typhoid,97.5,63.0,92/104,South
P0502,43.0,Other,"chest_pain,headache",39,3,Asthma,99.7,66.0,98/91,West
P0503,57.0,Other,"shortness_of_breath,sweating,chills,chest_pain,nausea",50,3,Flu,97.0,108.0,175/72,North
P0504,46.0,Female,"shortness_of_breath,fever,headache,cough,vomiting",37,3,Flu,99.5,108.0,176/92,West
P0505,62.0,Other,"fatigue,sweating,headache,chills,nausea",52,3,Malaria,96.6,82.0,165/93,South
P0506,43.0,Female,"nausea,fatigue,sweating,chills",35,1,Typhoid,97.4,110.0,163/92,South
P0507,18.0,Other,"chills,fatigue,shortness_of_breath,chest_pain",7,1,Hypertension,99.7,112.0,123/64,Central
P0508,9.0,Male,"nausea,fatigue,sweating,vomiting",27,5,Diabetes,100.2,180.0,132/62,East
P0509,39.0,Female,"chest_pain,shortness_of_breath",28,2,Hypertension,99.1,92.0,163/66,East
P0510,79.0,Female,"vomiting,headache,shortness_of_breath",22,4,Typhoid,98.2,107.0,111/83,South
P0511,22.0,Female,"vomiting,cough,sweating,chest_pain",14,4,Diabetes,95.4,87.0,159/81,Central
P0512,80.0,Male,"sweating,fatigue,cough,chills",7,1,Hypertension,98.3,110.0,91/104,Central
P0513,13.0,Male,"vomiting,fever,chest_pain,cough",37,4,Malaria,99.4,105.0,155/82,North
P0514,78.0,Male,"cough,sweating,chest_pain,headache,fatigue",22,1,Diabetes,98.1,97.0,121/89,East
P0515,62.0,Male,"chills,headache,vomiting,nausea",5,5,Flu,98.6,69.0,105/77,South
P0516,21.0,Male,"cough,fatigue,vomiting,sweating,chills",55,2,Hypertension,98.3,92.0,165/91,West
P0517,11.0,Female,"chills,shortness_of_breath,fever,cough,vomiting",2,5,Diabetes,98.1,69.0,90/66,East
P0518,50.0,Male,"shortness_of_breath,nausea",27,3,Malaria,98.7,59.0,161/92,North
P0519,17.0,Female,"fatigue,fever,shortness_of_breath",21,3,Diabetes,98.2,108.0,137/64,Central
P0520,44.0,Male,"shortness_of_breath,cough,chest_pain",54,3,Diabetes,100.8,105.0,139/108,South
P0521,46.0,Other,"chest_pain,cough",38,5,Malaria,95.3,64.0,102/87,East
P0522,13.0,Female,"nausea,sweating,fever,chills",15,4,Hypertension,97.8,66.0,104/67,West
P0523,54.0,Other,"chest_pain,headache",21,2,Asthma,97.3,58.0,142/74,North
P0524,31.0,Female,"sweating,shortness_of_breath,vomiting",10,3,Hypertension,98.9,72.0,133/63,North
P0525,70.0,Other,"chest_pain,cough,chills,fever,shortness_of_breath",23,3,Typhoid,98.7,90.0,97/93,East
P0526,9.0,Male,"shortness_of_breath,fever,fatigue,sweating",58,3,Malaria,101.0,79.0,163/64,West
P0527,33.0,Male,"shortness_of_breath,nausea,fatigue,headache,chest_pain",56,2,Hypertension,101.5,90.0,135/92,North
P0528,41.0,Male,"cough,sweating,fatigue,chest_pain,vomiting",39,3,Diabetes,97.4,63.0,158/64,South
P0529,42.0,Female,"fatigue,vomiting,fever",5,2,Malaria,98.6,115.0,108/97,North
P0530,12.0,Other,"shortness_of_breath,vomiting,cough",1,3,Flu,98.9,107.0,127/93,West
P0531,69.0,Male,"shortness_of_breath,sweating,fever,fatigue,chills",13,5,Hypertension,97.4,72.0,100/85,Central
P0532,21.0,Other,"nausea,vomiting,chest_pain,sweating,fever",21,5,Malaria,99.5,97.0,132/60,Central
P0533,75.0,Other,"shortness_of_breath,headache,fatigue",26,2,Hypertension,98.2,89.0,109/63,East
P0534,49.0,Male,"cough,nausea",50,5,Malaria,97.0,117.0,109/98,West
P0535,8.0,Male,"nausea,sweating,fever,shortness_of_breath",45,2,Diabetes,98.2,58.0,110/85,North
P0536,40.0,Other,"fever,chest_pain,nausea,cough,shortness_of_breath",21,5,Flu,97.1,95.0,171/92,North
P0537,74.0,Male,"fatigue,cough,nausea",53,5,Flu,100.2,99.0,146/92,Central
P0538,35.0,Male,"cough,sweating,nausea,vomiting",18,2,Typhoid,101.5,104.0,139/67,Central
P0539,23.0,Male,"chest_pain,fever,shortness_of_breath",37,4,Malaria,99.0,82.0,163/79,South
P0540,65.0,Female,"cough,nausea,chills,fever",45,5,Hypertension,98.8,96.0,115/75,Central
P0541,58.0,Other,"fever,nausea,headache,sweating",32,3,Flu,98.8,55.0,119/80,South
P0542,43.0,Other,"fatigue,fever,headache,sweating,nausea",36,4,Flu,100.4,93.0,162/104,North
P0543,78.0,Female,"shortness_of_breath,chest_pain,fever,nausea,cough",17,2,Asthma,100.3,71.0,120/85,South
P0544,23.0,Other,"headache,fatigue,nausea",35,4,Asthma,98.4,89.0,131/82,South
P0545,43.0,Male,"vomiting,headache,chest_pain,fever,nausea",49,1,Flu,99.0,100.0,157/77,East
P0546,71.0,Other,"nausea,chills,fever,fatigue,cough",11,1,Malaria,99.6,96.0,150/90,Central
P0547,49.0,Male,"chills,chest_pain,cough,sweating",21,5,Typhoid,96.9,93.0,150/101,South
P0548,17.0,Female,"chills,shortness_of_breath,nausea",52,5,Flu,100.4,103.0,159/71,North
P0549,62.0,Male,"cough,chest_pain",55,3,Diabetes,101.2,116.0,167/60,West
P0550,24.0,Other,"fever,nausea,chills,headache,vomiting",53,4,Hypertension,100.3,92.0,157/101,South
P0551,76.0,Other,"headache,vomiting,cough,chest_pain,sweating",26,1,Typhoid,96.7,77.0,179/68,Central
P0552,65.0,Other,"vomiting,sweating",4,5,Diabetes,95.6,76.0,106/62,East
P0553,43.0,Female,"fever,nausea,headache,sweating",34,4,Typhoid,99.7,58.0,108/85,North
P0554,5.0,Female,"nausea,shortness_of_breath,headache,cough,fever",52,5,Diabetes,97.5,103.0,140/68,East
P0555,7.0,Other,"nausea,fatigue",48,5,Hypertension,99.0,113.0,159/101,West
P0556,81.0,Male,"chest_pain,vomiting,cough,sweating,headache",18,1,Hypertension,100.9,56.0,152/75,South
P0557,66.0,Female,"nausea,headache,chest_pain",40,1,Asthma,97.6,103.0,164/83,South
P0558,67.0,Other,"headache,shortness_of_breath,vomiting,fever,fatigue",35,5,Malaria,98.0,85.0,169/109,Central
P0559,29.0,Other,"sweating,shortness_of_breath",41,2,Diabetes,99.0,94.0,119/73,South
P0560,60.0,Female,"sweating,chills,headache,nausea,fatigue",29,5,Asthma,96.7,102.0,114/62,North
P0561,37.0,Female,"shortness_of_breath,fatigue,sweating",52,5,Diabetes,97.5,105.0,164/93,West
P0562,42.0,Female,"cough,nausea,fatigue,headache,chest_pain",29,3,Asthma,98.6,97.0,160/92,East
P0563,10.0,Male,"shortness_of_breath,nausea",38,3,Hypertension,98.1,109.0,115/109,West
P0564,62.0,Male,"sweating,chest_pain,fatigue,nausea,shortness_of_breath",42,3,Typhoid,99.5,103.0,145/83,South
P0565,48.0,Other,"chills,fatigue",21,2,Asthma,102.7,111.0,111/68,East
P0566,49.0,Female,"vomiting,chest_pain,sweating",42,2,Diabetes,98.7,69.0,178/72,Central
P0567,36.0,Male,"cough,chills,vomiting,nausea",13,5,Diabetes,97.3,81.0,108/61,West
P0568,49.0,Female,"shortness_of_breath,fatigue",49,3,Malaria,100.7,118.0,120/66,East
P0569,65.0,Other,"shortness_of_breath,chest_pain,chills,fatigue,sweating",41,2,Hypertension,96.2,84.0,115/107,East
P0570,51.0,Male,"chest_pain,fatigue",17,1,Diabetes,96.5,90.0,131/80,East
P0571,25.0,Male,"vomiting,cough,chills,shortness_of_breath",56,5,Flu,97.7,103.0,130/78,North
P0572,84.0,Male,"cough,fatigue,chest_pain,sweating,headache",9,4,Typhoid,98.2,109.0,112/84,West
P0573,79.0,Other,"fever,sweating,chills,chest_pain,cough",41,5,Asthma,97.7,110.0,136/106,East
P0574,40.0,Female,"sweating,shortness_of_breath,fatigue",1,4,Malaria,98.6,98.0,102/81,West
P0575,23.0,Male,"shortness_of_breath,sweating",2,3,Typhoid,99.0,85.0,178/70,East
P0576,24.0,Other,"sweating,fatigue,headache,vomiting,fever",48,4,Hypertension,100.2,112.0,155/92,Central
P0577,61.0,Female,"nausea,headache,chest_pain,fever",29,3,Malaria,98.7,180.0,155/91,Central
P0578,22.0,Other,"shortness_of_breath,chills,fatigue,cough",33,1,Asthma,97.8,77.0,105/80,Central
P0579,51.0,Female,"shortness_of_breath,chills,headache,nausea,fatigue",10,4,Asthma,100.1,82.0,162/98,South
P0580,53.0,Other,"sweating,shortness_of_breath",50,5,Flu,97.4,70.0,117/79,East
P0581,18.0,Female,"headache,chills,fatigue",58,3,Hypertension,96.2,91.0,166/67,South
P0582,19.0,Male,"vomiting,chills,shortness_of_breath",40,5,Malaria,100.4,75.0,124/101,West
P0583,35.0,Female,"chills,fatigue",21,2,Malaria,100.3,71.0,130/96,South
P0584,5.0,Other,"shortness_of_breath,fever,fatigue,chills",28,3,Diabetes,97.4,91.0,166/68,West
P0585,58.0,Other,"shortness_of_breath,vomiting",11,4,Flu,98.0,73.0,120/84,West
P0586,7.0,Female,"chills,sweating,nausea,fatigue",55,3,Flu,97.2,84.0,174/84,West
P0587,20.0,Male,"shortness_of_breath,headache,fever,cough,chest_pain",34,5,Malaria,99.1,99.0,121/92,South
P0588,61.0,Male,"vomiting,fever,shortness_of_breath",8,1,Malaria,101.2,72.0,143/61,East
P0589,79.0,Female,"fever,shortness_of_breath,chest_pain,chills",59,3,Typhoid,99.7,116.0,161/78,South
P0590,16.0,Female,"chest_pain,cough,fatigue,nausea,sweating",22,4,Typhoid,100.2,90.0,148/105,East
P0591,78.0,Other,"nausea,chest_pain,cough",8,2,Typhoid,106.0,106.0,130/79,East
P0592,20.0,Male,"sweating,shortness_of_breath",49,1,Flu,98.6,73.0,155/101,West
P0593,76.0,Female,"chest_pain,vomiting,shortness_of_breath",15,2,Diabetes,100.2,98.0,143/100,South
P0594,80.0,Male,"sweating,shortness_of_breath,fatigue,chills,headache",17,3,Asthma,99.7,61.0,129/101,East
P0595,28.0,Female,"headache,shortness_of_breath,sweating,chills,fatigue",23,5,Typhoid,100.8,98.0,117/88,Central
P0596,32.0,Female,"shortness_of_breath,fatigue",24,5,Diabetes,97.9,88.0,126/65,East
P0597,12.0,Male,"fatigue,headache,sweating,chills,fever",45,4,Hypertension,96.0,109.0,154/76,Central
P0598,40.0,Female,"chest_pain,shortness_of_breath",19,5,Typhoid,100.2,64.0,163/84,South
P0599,12.0,Female,"chest_pain,cough",5,1,Asthma,99.1,96.0,144/97,South
P0600,62.0,Other,"fever,shortness_of_breath,fatigue,vomiting",32,5,Hypertension,98.2,95.0,93/63,South
P0601,64.0,Female,"cough,shortness_of_breath,nausea,vomiting,sweating",44,4,Hypertension,98.2,64.0,99/89,East
P0602,54.0,Female,"nausea,chills",1,3,Asthma,102.4,64.0,136/79,North
P0603,32.0,Female,"vomiting,fatigue,headache,chills,nausea",23,3,Typhoid,97.6,114.0,164/62,East
P0604,45.0,Other,"headache,fatigue",37,5,Flu,97.3,105.0,103/82,East
P0605,68.0,Male,"chills,chest_pain,vomiting,fatigue,sweating",8,2,Asthma,98.7,75.0,127/77,West
P0606,31.0,Other,"sweating,shortness_of_breath,nausea,chest_pain",13,3,Asthma,100.4,62.0,101/85,West
P0607,67.0,Other,"chest_pain,chills,fatigue",8,5,Asthma,102.0,119.0,134/95,East
P0608,21.0,Male,"nausea,fatigue,chills,shortness_of_breath,sweating",57,4,Hypertension,99.6,84.0,106/67,Central
P0609,77.0,Other,"headache,chills",23,5,Diabetes,96.7,103.0,169/76,West
P0610,37.0,Male,"shortness_of_breath,headache",43,3,Flu,101.6,63.0,124/90,East
P0611,81.0,Other,"chills,shortness_of_breath",1,4,Typhoid,98.6,71.0,155/96,North
P0612,33.0,Male,"cough,vomiting,headache,shortness_of_breath,nausea",45,5,Typhoid,97.3,112.0,164/104,Central
P0613,17.0,Female,"fatigue,sweating,chills",51,1,Diabetes,97.0,111.0,130/92,South
P0614,50.0,Other,"sweating,fatigue,cough,nausea,chills",24,4,Asthma,99.9,116.0,156/86,East
P0615,39.0,Other,"chest_pain,vomiting,sweating,shortness_of_breath",35,1,Flu,99.0,106.0,118/104,East
P0616,10.0,Other,"headache,chills,sweating,nausea,cough",24,2,Typhoid,99.1,115.0,107/63,Central
P0617,73.0,Other,"sweating,chest_pain,fatigue,nausea,chills",17,4,Malaria,100.5,94.0,109/81,West
P0618,51.0,Female,"vomiting,fever,chills,fatigue",5,1,Typhoid,97.4,92.0,103/85,West
P0619,29.0,Other,"fatigue,cough",20,3,Asthma,100.6,97.0,123/91,West
P0620,70.0,Female,"cough,shortness_of_breath,vomiting,headache,fatigue",21,3,Malaria,97.8,117.0,138/83,South
P0621,14.0,Female,"chills,fatigue",40,2,Diabetes,101.8,73.0,143/105,Central
P0622,60.0,Female,"chest_pain,cough,fever,sweating",58,4,Flu,99.5,104.0,120/94,Central
P0623,34.0,Female,"fever,cough,vomiting,headache,chest_pain",31,4,Diabetes,97.2,87.0,147/96,West
P0624,9.0,Male,"fatigue,sweating",46,4,Diabetes,95.6,67.0,131/91,West
P0625,37.0,Male,"fever,chills,fatigue,nausea,cough",36,2,Flu,99.8,116.0,147/66,North
P0626,69.0,Other,"fever,fatigue,nausea,headache",11,4,Flu,98.0,97.0,171/92,North
P0627,22.0,Male,"fatigue,shortness_of_breath,nausea",52,3,Typhoid,98.4,103.0,119/90,East
P0628,53.0,Male,"headache,chest_pain",15,1,Typhoid,99.7,90.0,114/71,East
P0629,15.0,Other,"vomiting,sweating,chest_pain,cough",19,3,Flu,100.1,64.0,152/70,Central
P0630,30.0,Other,"cough,chest_pain",7,3,Malaria,100.4,60.0,108/83,Central
P0631,67.0,Other,"vomiting,chills,sweating",51,1,Hypertension,96.8,111.0,161/67,South
P0632,63.0,Male,"vomiting,chills,chest_pain",28,3,Typhoid,100.7,55.0,97/91,South
P0633,31.0,Male,"fatigue,headache,chills,nausea",51,2,Hypertension,97.7,112.0,92/97,North
P0634,53.0,Other,"cough,chest_pain,headache,shortness_of_breath,fever",43,1,Malaria,95.2,75.0,156/81,East
P0635,81.0,Female,"shortness_of_breath,sweating,headache,chest_pain,fatigue",58,3,Flu,96.8,110.0,175/93,North
P0636,37.0,Other,"chills,cough,fatigue,sweating,nausea",5,5,Malaria,98.9,74.0,170/78,North
P0637,5.0,Female,"chest_pain,nausea,sweating,fever,chills",5,3,Typhoid,97.1,108.0,106/79,East
P0638,25.0,Female,"fever,chest_pain,cough,vomiting",30,2,Diabetes,98.5,79.0,103/73,South
P0639,59.0,Other,"chest_pain,fever,fatigue,nausea,vomiting",54,4,Flu,99.1,82.0,98/92,East
P0640,10.0,Other,"nausea,fatigue",32,3,Asthma,98.3,59.0,151/69,West
P0641,73.0,Other,"headache,shortness_of_breath,nausea",8,4,Hypertension,97.9,75.0,110/75,West
P0642,9.0,Male,"fever,chest_pain,cough,nausea,sweating",10,5,Malaria,96.7,72.0,165/63,West
P0643,7.0,Female,"shortness_of_breath,vomiting",38,3,Flu,98.6,101.0,126/86,Central
P0644,57.0,Male,"sweating,cough,fever,chills,nausea",47,1,Malaria,107.0,111.0,100/87,South
P0645,27.0,Male,"vomiting,chills,fever",32,4,Flu,97.6,73.0,109/102,South
P0646,57.0,Other,"shortness_of_breath,sweating,chills,vomiting",48,5,Typhoid,97.2,119.0,124/75,Central
P0647,41.0,Male,"fatigue,sweating,nausea,vomiting,chills",28,1,Typhoid,98.2,57.0,142/92,North
P0648,78.0,Other,"vomiting,chills,headache,cough",17,1,Typhoid,98.3,96.0,136/107,West
P0649,78.0,Female,"chills,shortness_of_breath",31,1,Malaria,100.0,75.0,164/78,West
P0650,21.0,Other,"cough,chest_pain",8,1,Asthma,101.0,94.0,141/80,North
P0651,82.0,Male,"fatigue,fever,nausea,headache",40,3,Typhoid,96.9,79.0,97/81,East
P0652,77.0,Male,"chest_pain,sweating,cough,shortness_of_breath,fever",25,3,Flu,101.6,109.0,93/68,East
P0653,5.0,Other,"chills,headache,fatigue,fever,nausea",9,3,Typhoid,97.4,106.0,116/68,South
P0654,55.0,Other,"headache,fatigue",2,5,Diabetes,98.9,98.0,133/68,Central
P0655,49.0,Male,"fever,shortness_of_breath,nausea,sweating",15,5,Typhoid,99.4,110.0,129/86,South
P0656,81.0,Female,"fever,shortness_of_breath,vomiting,sweating",50,5,Malaria,102.3,109.0,136/76,East
P0657,8.0,Female,"shortness_of_breath,headache,chest_pain,nausea",3,2,Asthma,97.8,73.0,133/103,North
P0658,66.0,Other,"headache,chest_pain,fever,nausea",49,5,Diabetes,95.9,61.0,137/104,South
P0659,69.0,Female,"headache,chest_pain,vomiting,chills,cough",36,3,Malaria,100.8,117.0,174/67,West
P0660,36.0,Male,"chest_pain,headache,shortness_of_breath,fever,nausea",4,3,Malaria,105.0,96.0,141/75,West
P0661,38.0,Other,"chest_pain,vomiting,sweating",14,2,Malaria,98.1,96.0,173/77,North
P0662,76.0,Male,"chills,headache,nausea",41,2,Flu,96.9,113.0,157/92,East
P0663,43.0,Male,"nausea,shortness_of_breath,chest_pain,fatigue,headache",41,5,Malaria,98.1,74.0,100/60,West
P0664,30.0,Female,"fever,shortness_of_breath,cough,headache",25,4,Flu,97.3,71.0,166/71,West
P0665,38.0,Other,"headache,nausea,vomiting,fatigue,sweating",58,2,Malaria,99.6,81.0,162/65,Central
P0666,58.0,Other,"chills,sweating,vomiting,shortness_of_breath,fever",55,1,Hypertension,98.7,101.0,93/100,South
P0667,7.0,Female,"fever,shortness_of_breath",50,3,Diabetes,97.6,56.0,165/64,East
P0668,54.0,Male,"vomiting,chest_pain",10,1,Hypertension,100.1,117.0,162/75,South
P0669,16.0,Male,"chills,sweating,shortness_of_breath,fatigue,vomiting",21,3,Malaria,99.0,116.0,166/77,East
P0670,69.0,Male,"shortness_of_breath,vomiting,chills",36,3,Diabetes,95.8,73.0,137/108,West
P0671,58.0,Male,"chest_pain,nausea,fatigue,shortness_of_breath,headache",12,2,Diabetes,100.0,71.0,115/77,Central
P0672,9.0,Other,"vomiting,cough,sweating",27,2,Asthma,98.9,93.0,166/60,South
P0673,61.0,Other,"chest_pain,shortness_of_breath,cough",40,1,Hypertension,100.7,93.0,128/78,West
P0674,21.0,Female,"sweating,chills,headache",2,3,Asthma,98.8,90.0,147/67,East
P0675,51.0,Female,"chills,vomiting,nausea",54,1,Diabetes,97.4,94.0,108/62,South
P0676,27.0,Other,"nausea,chills,cough",13,4,Flu,98.3,99.0,177/84,South
P0677,83.0,Other,"cough,vomiting",53,1,Diabetes,99.8,58.0,172/64,West
P0678,18.0,Male,"chest_pain,fatigue,vomiting,headache",32,5,Asthma,97.4,79.0,166/99,South
P0679,70.0,Male,"shortness_of_breath,headache,chest_pain",31,1,Hypertension,97.9,84.0,166/78,Central
P0680,79.0,Female,"vomiting,shortness_of_breath",16,5,Malaria,98.3,83.0,147/77,Central
P0681,55.0,Other,"chills,fever,sweating,vomiting",32,5,Malaria,96.9,105.0,117/109,West
P0682,42.0,Female,"fatigue,chest_pain,chills,cough",32,5,Hypertension,97.5,78.0,155/90,East
P0683,68.0,Other,"cough,nausea",34,4,Malaria,98.9,68.0,99/92,West
P0684,42.0,Male,"fatigue,sweating,chills,shortness_of_breath",11,1,Malaria,100.4,72.0,175/106,Central
P0685,54.0,Female,"fever,sweating",10,1,Asthma,99.1,96.0,166/77,North
P0686,34.0,Female,"fatigue,shortness_of_breath,cough,chills,vomiting",15,4,Hypertension,98.5,111.0,147/98,North
P0687,83.0,Other,"headache,shortness_of_breath,chest_pain,sweating,cough",17,3,Typhoid,97.4,66.0,162/75,South
P0688,55.0,Male,"fatigue,nausea,headache,chills,fever",40,2,Flu,100.2,71.0,103/75,South
P0689,67.0,Female,"nausea,shortness_of_breath,headache",18,1,Flu,99.3,84.0,173/106,North
P0690,56.0,Male,"cough,fatigue,headache,nausea,vomiting",55,2,Malaria,97.5,77.0,104/97,Central
P0691,42.0,Female,"vomiting,shortness_of_breath,cough,sweating",9,4,Flu,99.9,55.0,122/100,South
P0692,83.0,Male,"sweating,fatigue,chills",25,3,Hypertension,99.4,86.0,106/66,West
P0693,34.0,Other,"cough,shortness_of_breath",40,3,Hypertension,97.4,63.0,113/73,West
P0694,55.0,Female,"nausea,sweating,cough,chills",59,3,Diabetes,98.4,69.0,119/102,Central
P0695,9.0,Female,"cough,fatigue",14,4,Diabetes,97.9,82.0,151/107,South
P0696,33.0,Male,"cough,chest_pain,fever,chills",58,5,Flu,102.6,78.0,102/84,West
P0697,8.0,Male,"nausea,fatigue,shortness_of_breath",25,5,Typhoid,99.4,114.0,151/91,South
P0698,14.0,Female,"headache,cough,sweating,fatigue",50,2,Diabetes,98.9,89.0,136/97,South
P0699,60.0,Other,"fever,headache,sweating,chest_pain",22,5,Diabetes,99.3,81.0,105/81,West
P0700,21.0,Male,"vomiting,headache",52,5,Hypertension,100.7,74.0,155/75,North
P0701,78.0,Male,"nausea,chills,headache",30,3,Typhoid,98.5,119.0,170/88,West
P0702,21.0,Male,"fever,nausea,chest_pain,cough,vomiting",20,3,Malaria,97.7,103.0,132/75,Central
P0703,73.0,Female,"fever,fatigue,vomiting",21,2,Flu,99.9,55.0,97/71,East
P0704,38.0,Female,"nausea,cough,fever,sweating",44,1,Diabetes,98.3,64.0,92/76,West
P0705,10.0,Female,"shortness_of_breath,nausea",32,2,Typhoid,97.0,101.0,101/96,South
P0706,57.0,Female,"chills,sweating,chest_pain,fever,headache",51,2,Typhoid,96.7,113.0,173/86,South
P0707,70.0,Other,"headache,sweating,chest_pain,vomiting,shortness_of_breath",46,4,Flu,100.9,116.0,105/84,West
P0708,81.0,Other,"sweating,shortness_of_breath,chills,nausea",49,4,Typhoid,98.8,72.0,167/72,East
P0709,47.0,Female,"headache,chills,shortness_of_breath,nausea",56,2,Typhoid,97.7,100.0,169/67,West
P0710,79.0,Other,"nausea,headache",21,2,Typhoid,98.2,86.0,148/64,East
P0711,27.0,Male,"headache,fever,shortness_of_breath",35,2,Diabetes,99.8,81.0,138/71,East
P0712,59.0,Male,"headache,cough,fatigue,chills,fever",58,5,Flu,98.2,72.0,152/100,Central
P0713,84.0,Male,"cough,chills,nausea,shortness_of_breath,vomiting",32,4,Typhoid,96.4,93.0,151/62,South
P0714,79.0,Female,"headache,vomiting",30,2,Typhoid,99.1,103.0,138/94,South
P0715,20.0,Male,"fatigue,headache",55,3,Diabetes,100.4,98.0,140/92,East
P0716,12.0,Other,"chills,shortness_of_breath",39,3,Flu,100.3,108.0,122/81,South
P0717,8.0,Female,"chills,cough,fatigue",49,5,Hypertension,97.8,88.0,119/109,North
P0718,8.0,Other,"shortness_of_breath,nausea,chills",12,5,Diabetes,100.5,90.0,148/103,East
P0719,60.0,Male,"cough,fever,vomiting,chills",41,1,Flu,98.9,72.0,165/68,South
P0720,29.0,Male,"headache,chills,shortness_of_breath,sweating,chest_pain",47,1,Typhoid,100.5,92.0,104/100,North
P0721,71.0,Male,"chills,nausea,vomiting",18,1,Flu,99.5,113.0,171/77,Central
P0722,71.0,Female,"fatigue,chills",21,5,Flu,96.3,63.0,112/109,South
P0723,31.0,Other,"fever,fatigue",13,5,Malaria,101.2,105.0,167/88,North
P0724,36.0,Female,"headache,shortness_of_breath,fatigue,chills",21,5,Flu,98.7,89.0,134/98,West
P0725,54.0,Female,"headache,fatigue,chest_pain",8,3,Hypertension,99.5,59.0,151/86,West
P0726,65.0,Male,"chest_pain,vomiting,fatigue,headache",46,5,Flu,96.6,68.0,168/95,North
P0727,55.0,Female,"nausea,chest_pain,fever,sweating",40,3,Hypertension,99.4,84.0,160/104,East
P0728,23.0,Female,"cough,headache,chest_pain,shortness_of_breath",46,1,Typhoid,100.3,58.0,104/76,East
P0729,25.0,Male,"headache,cough,vomiting",7,1,Hypertension,101.5,93.0,135/93,South
P0730,9.0,Female,"fever,headache,fatigue,nausea,sweating",23,1,Typhoid,100.7,118.0,153/105,West
P0731,46.0,Male,"shortness_of_breath,nausea,sweating",44,2,Typhoid,99.4,79.0,135/62,East
P0732,65.0,Male,"headache,fatigue,vomiting,fever,shortness_of_breath",32,2,Hypertension,96.3,82.0,145/64,East
P0733,26.0,Male,"chest_pain,nausea,shortness_of_breath",11,4,Diabetes,98.8,76.0,133/73,West
P0734,25.0,Male,"cough,nausea,vomiting",22,4,Asthma,97.7,85.0,164/62,Central
P0735,74.0,Female,"fatigue,chills,sweating,fever",22,4,Flu,99.0,77.0,118/82,East
P0736,5.0,Male,"chills,fever,sweating,shortness_of_breath",43,2,Malaria,96.8,102.0,151/98,North
P0737,9.0,Male,"fatigue,chest_pain,cough",25,2,Asthma,98.3,74.0,178/89,South
P0738,16.0,Female,"cough,fatigue,fever,chills,sweating",22,4,Flu,97.8,92.0,141/109,East
P0739,50.0,Female,"sweating,fatigue,vomiting,fever",28,4,Flu,97.8,109.0,143/104,East
P0740,38.0,Other,"cough,chills",29,5,Typhoid,97.8,55.0,177/82,Central
P0741,53.0,Female,"shortness_of_breath,sweating",13,4,Flu,98.4,61.0,146/86,North
P0742,82.0,Female,"shortness_of_breath,chest_pain,nausea",18,5,Malaria,99.0,111.0,172/69,South
P0743,49.0,Other,"sweating,cough,shortness_of_breath",2,3,Flu,94.9,66.0,155/84,East
P0744,31.0,Female,"cough,nausea,chills,chest_pain,fever",29,2,Hypertension,95.0,59.0,111/72,South
P0745,77.0,Female,"sweating,chills,fever,nausea",21,4,Asthma,98.1,104.0,109/75,West
P0746,30.0,Female,"cough,chest_pain,fever,sweating,vomiting",15,2,Hypertension,98.3,96.0,122/100,East
P0747,51.0,Female,"fever,chest_pain",52,2,Malaria,98.9,66.0,161/93,East
P0748,60.0,Other,"headache,cough",27,2,Flu,97.5,72.0,114/96,West
P0749,67.0,Female,"sweating,headache,fatigue,vomiting",50,3,Malaria,105.0,71.0,135/81,Central
P0750,52.0,Female,"sweating,cough",31,1,Typhoid,98.8,116.0,162/76,East
P0751,65.0,Other,"fatigue,vomiting,chest_pain",15,4,Hypertension,97.5,95.0,146/82,South
P0752,30.0,Male,"fatigue,chest_pain,sweating,cough,chills",51,1,Hypertension,100.1,88.0,176/95,North
P0753,40.0,Other,"chills,chest_pain,headache,vomiting,fever",23,1,Diabetes,98.9,99.0,94/108,South
P0754,5.0,Male,"fever,vomiting",24,1,Flu,99.4,112.0,144/68,Central
P0755,12.0,Other,"nausea,fatigue",44,2,Typhoid,98.7,105.0,150/61,North
P0756,56.0,Other,"cough,sweating,fatigue",13,5,Hypertension,101.8,88.0,178/91,South
P0757,83.0,Female,"vomiting,chills,shortness_of_breath,fatigue,fever",22,2,Hypertension,99.5,98.0,97/109,South
P0758,51.0,Male,"shortness_of_breath,chills,sweating,vomiting,headache",43,2,Typhoid,97.9,69.0,105/81,West
P0759,60.0,Female,"nausea,vomiting,sweating,fever,shortness_of_breath",37,1,Malaria,99.8,104.0,137/102,Central
P0760,18.0,Male,"chest_pain,chills,fatigue",33,2,Malaria,96.1,86.0,150/72,West
P0761,32.0,Other,"fever,sweating",56,1,Flu,98.8,57.0,104/67,North
P0762,82.0,Other,"chills,chest_pain",3,5,Diabetes,99.1,105.0,154/60,West
P0763,6.0,Male,"chest_pain,shortness_of_breath,headache,fever",54,4,Hypertension,98.8,102.0,111/76,Central
P0764,30.0,Female,"chills,vomiting,fever,headache,fatigue",19,1,Diabetes,98.1,71.0,92/71,East
P0765,18.0,Female,"nausea,chest_pain,headache,fatigue",23,5,Malaria,97.1,61.0,143/63,East
P0766,63.0,Female,"headache,fever,chills",29,4,Malaria,97.4,67.0,103/72,North
P0767,60.0,Female,"sweating,cough,vomiting",30,3,Asthma,98.8,58.0,125/90,East
P0768,11.0,Other,"cough,chills,fatigue",39,1,Flu,96.9,64.0,171/100,West
P0769,7.0,Other,"shortness_of_breath,headache",44,1,Asthma,101.3,71.0,171/66,North
P0770,27.0,Other,"chest_pain,headache,chills,nausea",47,3,Asthma,94.6,106.0,156/82,Central
P0771,22.0,Other,"fever,cough,vomiting,nausea",25,3,Asthma,98.1,60.0,99/83,North
P0772,42.0,Other,"vomiting,headache,fatigue",37,1,Flu,98.8,63.0,138/64,North
P0773,19.0,Female,"cough,shortness_of_breath",47,3,Flu,99.4,75.0,154/64,South
P0774,68.0,Female,"chest_pain,chills,vomiting,fatigue,nausea",8,2,Typhoid,97.2,78.0,146/76,South
P0775,32.0,Female,"cough,sweating",42,4,Diabetes,100.3,58.0,116/89,North
P0776,78.0,Female,"shortness_of_breath,chills,nausea,sweating",58,4,Diabetes,96.5,78.0,164/68,East
P0777,43.0,Other,"fever,fatigue,vomiting,nausea",16,4,Typhoid,97.8,113.0,94/65,South
P0778,61.0,Other,"cough,shortness_of_breath,fatigue,fever",8,2,Typhoid,99.5,57.0,160/84,Central
P0779,21.0,Other,"sweating,shortness_of_breath,vomiting,fever",1,3,Malaria,100.2,94.0,172/78,West
P0780,48.0,Male,"cough,nausea,chills",44,5,Asthma,96.5,102.0,146/75,South
P0781,29.0,Female,"chest_pain,sweating,shortness_of_breath,headache",5,3,Typhoid,102.6,108.0,104/80,North
P0782,21.0,Female,"fever,nausea,chest_pain",3,1,Hypertension,97.3,89.0,165/61,East
P0783,17.0,Other,"chest_pain,fatigue",1,4,Diabetes,96.6,110.0,119/69,West
P0784,29.0,Female,"chest_pain,shortness_of_breath,fatigue,cough,fever",4,3,Typhoid,99.4,94.0,109/75,South
P0785,72.0,Female,"headache,shortness_of_breath,cough",40,5,Hypertension,98.1,100.0,126/96,East
P0786,14.0,Other,"headache,shortness_of_breath,fatigue",35,1,Hypertension,97.9,67.0,92/74,East
P0787,71.0,Male,"headache,fever",32,2,Hypertension,99.5,81.0,162/72,East
P0788,22.0,Male,"chills,cough,headache,shortness_of_breath,nausea",42,2,Malaria,96.3,60.0,130/72,North
P0789,38.0,Male,"fatigue,shortness_of_breath,chills,nausea,cough",34,5,Malaria,96.0,71.0,128/91,Central
P0790,12.0,Other,"nausea,chest_pain,headache,cough",43,1,Hypertension,97.7,90.0,115/104,East
P0791,44.0,Female,"fever,chest_pain,nausea,fatigue",25,4,Malaria,100.2,56.0,91/106,West
P0792,46.0,Other,"cough,fever,sweating,chills,vomiting",10,3,Asthma,97.8,106.0,112/105,South
P0793,45.0,Other,"chills,vomiting,fatigue,headache",21,1,Hypertension,101.0,106.0,112/67,West
P0794,10.0,Female,"vomiting,fatigue",46,2,Asthma,100.4,97.0,174/102,North
P0795,56.0,Male,"headache,nausea",39,5,Asthma,99.0,76.0,105/77,North
P0796,30.0,Male,"vomiting,nausea,headache",27,5,Hypertension,99.1,109.0,98/95,West
P0797,68.0,Other,"chills,vomiting,shortness_of_breath,headache,fatigue",27,3,Diabetes,99.0,114.0,102/85,Central
P0798,63.0,Male,"fatigue,chills",2,5,Hypertension,98.8,112.0,117/69,North
P0799,60.0,Other,"fatigue,headache,chest_pain",41,5,Hypertension,98.1,66.0,116/90,North
P0800,63.0,Other,"headache,fever,vomiting",48,1,Malaria,98.2,93.0,140/92,West
P0801,74.0,Female,"fatigue,fever",13,4,Hypertension,97.0,67.0,153/88,North
P0802,37.0,Female,"chills,headache,fatigue,cough,chest_pain",9,3,Diabetes,95.3,95.0,141/64,Central
P0803,57.0,Female,"chest_pain,vomiting,fever,cough,nausea",52,1,Malaria,100.3,111.0,170/72,Central
P0804,26.0,Other,"cough,headache,fatigue,shortness_of_breath,vomiting",36,4,Flu,98.8,107.0,127/60,Central
P0805,25.0,Female,"cough,fatigue,fever",22,1,Flu,98.6,66.0,154/82,South
P0806,74.0,Male,"chills,vomiting,headache,fatigue",42,1,Asthma,99.2,67.0,107/99,Central
P0807,74.0,Male,"shortness_of_breath,sweating,fever,vomiting,fatigue",26,5,Asthma,97.4,111.0,152/62,Central
P0808,8.0,Other,"fatigue,cough,vomiting,shortness_of_breath",58,4,Diabetes,97.1,94.0,140/62,South
P0809,79.0,Other,"shortness_of_breath,sweating,cough",54,3,Typhoid,98.2,99.0,98/66,East
P0810,66.0,Female,"chest_pain,headache,cough",12,3,Flu,100.7,200.0,102/95,North
P0811,66.0,Other,"shortness_of_breath,headache,sweating,fatigue,chills",17,4,Asthma,96.8,57.0,129/94,Central
P0812,28.0,Other,"sweating,vomiting,headache,chest_pain",14,5,Flu,94.7,59.0,144/74,North
P0813,59.0,Male,"fever,chills,shortness_of_breath,headache,nausea",14,2,Diabetes,97.8,65.0,168/99,West
P0814,13.0,Male,"nausea,chest_pain,headache",57,1,Diabetes,100.3,110.0,132/62,North
P0815,7.0,Female,"cough,chest_pain,vomiting,fever,shortness_of_breath",34,5,Typhoid,96.0,64.0,133/88,South
P0816,35.0,Other,"fever,chest_pain,sweating",53,4,Typhoid,96.8,88.0,157/89,North
P0817,44.0,Other,"fever,headache,shortness_of_breath",57,1,Malaria,99.0,85.0,122/98,North
P0818,40.0,Male,"fatigue,nausea,chills",20,3,Diabetes,102.5,95.0,113/77,North
P0819,28.0,Other,"chills,shortness_of_breath",11,2,Asthma,96.6,117.0,125/70,East
P0820,10.0,Male,"cough,sweating,shortness_of_breath,fatigue,chest_pain",16,3,Flu,96.5,86.0,99/102,East
P0821,70.0,Female,"nausea,vomiting",51,4,Hypertension,99.1,74.0,109/108,West
P0822,79.0,Male,"fever,vomiting,shortness_of_breath,headache",31,1,Typhoid,100.4,111.0,164/97,South
P0823,8.0,Other,"fatigue,vomiting,shortness_of_breath,sweating",55,4,Hypertension,97.7,104.0,101/99,North
P0824,83.0,Female,"shortness_of_breath,sweating",6,1,Asthma,96.2,79.0,151/60,North
P0825,10.0,Male,"chills,headache",56,5,Typhoid,99.3,66.0,107/88,North
P0826,55.0,Male,"fever,shortness_of_breath,headache",19,2,Hypertension,99.5,93.0,152/69,North
P0827,66.0,Female,"shortness_of_breath,vomiting,chest_pain",37,5,Asthma,101.3,71.0,173/87,East
P0828,61.0,Female,"nausea,chest_pain,vomiting,sweating,chills",58,5,Flu,99.6,99.0,114/90,West
P0829,70.0,Male,"chest_pain,fatigue,shortness_of_breath",4,4,Asthma,99.8,65.0,101/78,Central
P0830,83.0,Other,"chest_pain,nausea,cough",47,2,Malaria,98.2,77.0,110/62,South
P0831,79.0,Male,"chills,sweating,vomiting",4,1,Typhoid,102.3,92.0,114/95,North
P0832,12.0,Female,"nausea,fever,headache",20,1,Diabetes,98.0,56.0,100/102,West
P0833,30.0,Male,"headache,chills,sweating,fatigue",10,3,Flu,97.7,91.0,153/74,Central
P0834,55.0,Female,"nausea,chest_pain,fever,fatigue,headache",24,1,Hypertension,101.3,103.0,162/92,West
P0835,49.0,Female,"cough,fever,sweating,nausea,shortness_of_breath",54,4,Typhoid,96.4,106.0,139/100,East
P0836,48.0,Other,"fever,chest_pain",35,5,Diabetes,95.8,87.0,151/102,Central
P0837,9.0,Female,"cough,chills,sweating",26,5,Asthma,98.8,76.0,178/104,West
P0838,74.0,Female,"headache,chest_pain,fever,vomiting",37,5,Diabetes,98.6,59.0,138/85,East
P0839,30.0,Other,"chills,chest_pain,nausea",38,2,Typhoid,98.3,72.0,103/75,West
P0840,72.0,Female,"shortness_of_breath,fever,fatigue",21,1,Typhoid,100.1,92.0,90/95,West
P0841,23.0,Other,"cough,chest_pain",54,4,Malaria,97.2,91.0,170/92,Central
P0842,24.0,Other,"fatigue,sweating",40,2,Malaria,98.7,118.0,114/79,East
P0843,16.0,Female,"shortness_of_breath,vomiting",39,3,Diabetes,98.1,64.0,148/72,North
P0844,51.0,Female,"sweating,fatigue,fever",21,4,Asthma,97.3,96.0,161/92,South
P0845,5.0,Male,"chest_pain,sweating,chills,shortness_of_breath,headache",10,4,Diabetes,98.5,102.0,158/64,Central
P0846,18.0,Other,"shortness_of_breath,headache",38,4,Typhoid,99.9,98.0,94/96,East
P0847,68.0,Male,"chest_pain,sweating,shortness_of_breath,headache",46,5,Typhoid,101.8,70.0,108/73,West
P0848,42.0,Female,"chest_pain,headache,shortness_of_breath",4,4,Hypertension,99.5,108.0,112/86,East
P0849,41.0,Male,"sweating,nausea,fatigue,fever,chills",57,1,Malaria,94.8,89.0,98/82,South
P0850,15.0,Other,"chest_pain,headache,fever,chills,vomiting",45,4,Hypertension,98.5,82.0,139/73,South
P0851,81.0,Male,"shortness_of_breath,chills,nausea",20,5,Flu,98.7,56.0,105/99,North
P0852,7.0,Other,"nausea,vomiting,shortness_of_breath",17,4,Typhoid,100.0,67.0,122/63,North
P0853,37.0,Female,"chest_pain,shortness_of_breath,cough,headache",55,3,Hypertension,98.9,95.0,91/98,South
P0854,10.0,Female,"fatigue,headache,shortness_of_breath",7,3,Diabetes,100.5,113.0,103/78,Central
P0855,54.0,Other,"chest_pain,sweating,vomiting,headache",4,5,Malaria,99.2,107.0,90/106,Central
P0856,14.0,Female,"vomiting,chills",29,1,Malaria,100.9,99.0,179/63,West
P0857,9.0,Female,"shortness_of_breath,sweating,chest_pain",14,1,Asthma,97.9,74.0,147/89,North
P0858,27.0,Female,"chills,nausea,chest_pain",3,2,Diabetes,98.8,78.0,178/78,West
P0859,14.0,Female,"nausea,fatigue,sweating,chills",24,5,Asthma,99.8,115.0,105/90,North
P0860,48.0,Other,"shortness_of_breath,fatigue,cough,vomiting,nausea",37,4,Hypertension,97.7,112.0,168/90,South
P0861,6.0,Male,"fatigue,cough",16,5,Flu,97.4,81.0,179/68,Central
P0862,17.0,Male,"chest_pain,nausea,chills",58,2,Diabetes,97.7,80.0,136/72,Central
P0863,44.0,Female,"shortness_of_breath,sweating",55,5,Diabetes,97.5,61.0,133/73,South
P0864,6.0,Male,"chest_pain,fever,cough",52,5,Diabetes,99.4,96.0,169/105,West
P0865,69.0,Male,"fatigue,nausea",4,2,Asthma,95.8,101.0,103/69,West
P0866,67.0,Female,"headache,sweating,fatigue,cough",56,1,Hypertension,96.3,107.0,113/107,East
P0867,77.0,Female,"headache,vomiting,fatigue,chest_pain",24,4,Diabetes,101.4,113.0,144/90,North
P0868,21.0,Male,"headache,cough",34,2,Diabetes,97.5,92.0,104/96,West
P0869,13.0,Other,"fatigue,shortness_of_breath,fever,vomiting,chills",30,3,Malaria,98.9,107.0,172/82,South
P0870,79.0,Female,"fatigue,fever",18,1,Flu,96.4,69.0,161/86,West
P0871,19.0,Other,"headache,nausea",19,3,Malaria,98.7,80.0,123/65,Central
P0872,28.0,Male,"fatigue,chest_pain",31,1,Malaria,97.5,102.0,91/85,North
P0873,42.0,Female,"chills,sweating,shortness_of_breath,vomiting,headache",19,4,Flu,96.3,73.0,116/61,East
P0874,39.0,Other,"cough,sweating,fatigue,chest_pain",49,4,Hypertension,100.6,63.0,163/104,North
P0875,53.0,Female,"headache,chills,fatigue",46,5,Malaria,100.4,118.0,176/72,Central
P0876,73.0,Male,"fatigue,headache,chills,shortness_of_breath",19,3,Hypertension,98.4,108.0,161/109,Central
P0877,66.0,Other,"headache,sweating",22,1,Malaria,100.1,180.0,112/78,Central
P0878,64.0,Male,"nausea,fatigue,shortness_of_breath,cough,vomiting",24,4,Typhoid,101.5,93.0,157/60,Central
P0879,54.0,Male,"shortness_of_breath,chills,cough,fever",45,2,Flu,99.7,58.0,103/99,South
P0880,82.0,Female,"fever,chills,fatigue,vomiting,shortness_of_breath",12,4,Malaria,99.3,57.0,152/91,East
P0881,79.0,Other,"nausea,fatigue",30,2,Typhoid,98.9,118.0,154/81,Central
P0882,13.0,Male,"nausea,chest_pain",58,1,Asthma,99.6,83.0,157/107,Central
P0883,38.0,Male,"fever,nausea,fatigue",38,4,Typhoid,98.1,65.0,152/88,West
P0884,80.0,Other,"chest_pain,fever,cough",53,4,Diabetes,98.2,112.0,179/61,East
P0885,39.0,Male,"headache,chest_pain,cough",31,1,Malaria,99.3,81.0,170/99,North
P0886,5.0,Male,"fatigue,chills,chest_pain,sweating",36,4,Typhoid,97.9,75.0,176/97,East
P0887,44.0,Other,"nausea,fatigue,shortness_of_breath,sweating,chills",19,2,Hypertension,98.1,93.0,153/107,East
P0888,68.0,Other,"headache,chills,fever",48,4,Asthma,98.6,100.0,121/70,East
P0889,26.0,Other,"nausea,chest_pain,vomiting",45,3,Malaria,100.3,90.0,168/76,Central
P0890,64.0,Other,"chills,fatigue",36,5,Diabetes,96.9,119.0,102/102,Central
P0891,68.0,Female,"chills,headache",30,2,Typhoid,99.7,117.0,155/67,South
P0892,76.0,Other,"fever,vomiting",55,3,Asthma,99.8,89.0,108/81,North
P0893,15.0,Female,"sweating,shortness_of_breath,chest_pain,cough",49,1,Malaria,99.8,85.0,113/63,West
P0894,18.0,Female,"sweating,vomiting,chest_pain",55,2,Asthma,97.4,82.0,177/70,East
P0895,64.0,Female,"headache,chills,fever,cough",33,5,Diabetes,96.1,55.0,100/67,North
P0896,34.0,Male,"nausea,shortness_of_breath,fatigue,cough,fever",18,5,Typhoid,99.4,79.0,148/68,North
P0897,39.0,Female,"fatigue,sweating",52,1,Asthma,98.9,97.0,175/85,South
P0898,41.0,Female,"chills,sweating",49,1,Asthma,100.1,117.0,104/61,West
P0899,9.0,Male,"vomiting,sweating,shortness_of_breath,fatigue,chills",59,2,Flu,97.5,105.0,99/75,East
P0900,82.0,Male,"sweating,chills,vomiting,chest_pain,headache",28,4,Asthma,99.7,56.0,130/90,West
P0901,30.0,Male,"shortness_of_breath,headache,chest_pain",59,1,Flu,100.2,118.0,116/65,South
P0902,66.0,Other,"fever,cough,headache,chills",47,4,Typhoid,98.5,63.0,149/80,Central
P0903,8.0,Male,"fever,fatigue,chest_pain,vomiting",11,3,Malaria,99.2,56.0,162/85,North
P0904,46.0,Male,"vomiting,headache,fatigue",57,5,Malaria,99.2,88.0,141/78,East
P0905,22.0,Female,"vomiting,chest_pain,cough,headache",54,4,Typhoid,97.4,114.0,117/87,Central
P0906,44.0,Male,"shortness_of_breath,chest_pain,chills,fever",45,5,Typhoid,99.4,115.0,154/67,South
P0907,76.0,Other,"cough,nausea,headache,sweating,vomiting",33,4,Hypertension,101.0,85.0,106/73,West
P0908,43.0,Male,"vomiting,chest_pain",17,3,Typhoid,98.6,64.0,133/83,North
P0909,18.0,Other,"fatigue,vomiting",6,1,Asthma,96.4,90.0,99/107,East
P0910,36.0,Male,"sweating,headache",4,3,Malaria,97.6,103.0,152/103,Central
P0911,55.0,Male,"vomiting,cough,sweating",20,1,Diabetes,95.9,103.0,171/96,Central
P0912,42.0,Male,"fever,chills,cough",48,1,Malaria,100.5,57.0,136/85,North
P0913,27.0,Male,"chest_pain,shortness_of_breath,vomiting,headache,nausea",47,5,Flu,99.7,59.0,127/90,West
P0914,67.0,Other,"chills,fever",27,3,Malaria,97.8,115.0,159/91,South
P0915,19.0,Other,"fatigue,chest_pain,shortness_of_breath,sweating",15,4,Hypertension,96.5,80.0,165/109,West
P0916,29.0,Female,"nausea,shortness_of_breath,fatigue,sweating,chills",6,3,Typhoid,97.4,59.0,142/100,West
P0917,21.0,Other,"sweating,vomiting",47,5,Typhoid,97.6,69.0,167/61,West
P0918,70.0,Male,"nausea,vomiting",14,1,Malaria,98.8,70.0,133/84,North
P0919,82.0,Female,"fatigue,chills",11,5,Diabetes,98.7,55.0,163/103,North
P0920,57.0,Female,"chest_pain,nausea,shortness_of_breath,headache",39,2,Diabetes,100.6,70.0,143/61,South
P0921,55.0,Female,"vomiting,shortness_of_breath,chest_pain,cough",9,2,Hypertension,97.6,91.0,109/101,West
P0922,43.0,Male,"chest_pain,nausea,headache,sweating",26,4,Flu,96.3,57.0,168/60,North
P0923,55.0,Other,"headache,sweating,cough",16,5,Malaria,96.9,106.0,120/95,South
P0924,74.0,Male,"fatigue,cough,chest_pain",5,4,Typhoid,98.6,101.0,96/71,South
P0925,10.0,Female,"nausea,vomiting,chills,cough,fatigue",57,4,Malaria,97.5,67.0,147/68,West
P0926,71.0,Male,"shortness_of_breath,fever,headache",52,2,Hypertension,98.2,109.0,99/95,East
P0927,11.0,Male,"fatigue,chills",10,4,Asthma,97.9,75.0,99/100,West
P0928,55.0,Other,"headache,nausea,vomiting,chills,fever",50,2,Asthma,100.1,108.0,128/87,East
P0929,76.0,Other,"vomiting,nausea,chills,shortness_of_breath",3,1,Hypertension,97.7,81.0,117/97,South
P0930,46.0,Female,"fatigue,sweating,vomiting",13,5,Typhoid,98.0,92.0,119/92,North
P0931,68.0,Male,"chills,headache,chest_pain,shortness_of_breath,fatigue",43,4,Hypertension,99.7,112.0,126/101,Central
P0932,19.0,Male,"vomiting,headache,chills,sweating",49,2,Typhoid,97.8,116.0,156/105,South
P0933,33.0,Other,"chest_pain,nausea,fatigue",30,3,Diabetes,99.2,100.0,132/81,North
P0934,37.0,Male,"shortness_of_breath,chills",54,4,Hypertension,99.1,65.0,168/84,South
P0935,31.0,Male,"chest_pain,fever,fatigue,headache",45,1,Typhoid,98.8,62.0,174/77,West
P0936,40.0,Male,"nausea,shortness_of_breath",6,1,Hypertension,96.9,118.0,141/65,East
P0937,33.0,Other,"headache,sweating,vomiting",17,3,Hypertension,100.4,75.0,145/77,South
P0938,42.0,Female,"chest_pain,vomiting,shortness_of_breath",59,2,Typhoid,101.9,117.0,165/75,North
P0939,61.0,Female,"fever,vomiting,sweating,chest_pain,chills",45,4,Typhoid,98.6,180.0,157/74,West
P0940,31.0,Male,"fatigue,shortness_of_breath,cough",51,2,Flu,97.0,74.0,98/107,Central
P0941,59.0,Female,"cough,vomiting,chills,headache,nausea",53,1,Hypertension,98.6,62.0,112/67,West
P0942,37.0,Other,"shortness_of_breath,chills",19,2,Asthma,100.1,112.0,152/72,East
P0943,72.0,Other,"nausea,chills,fever,cough,sweating",42,1,Hypertension,97.7,100.0,150/102,West
P0944,70.0,Female,"shortness_of_breath,vomiting,chills,headache",35,2,Hypertension,98.4,85.0,129/66,Central
P0945,14.0,Female,"nausea,vomiting,chest_pain,fever",46,3,Typhoid,99.1,63.0,133/76,North
P0946,9.0,Male,"chest_pain,cough,nausea,sweating",26,5,Hypertension,100.4,69.0,175/109,South
P0947,78.0,Female,"fever,headache",51,3,Malaria,99.8,80.0,113/91,East
P0948,42.0,Male,"fatigue,chest_pain,sweating,fever",5,3,Hypertension,99.8,64.0,140/81,Central
P0949,17.0,Male,"headache,vomiting,shortness_of_breath",29,5,Malaria,98.0,83.0,147/72,East
P0950,35.0,Other,"chills,shortness_of_breath,chest_pain,fatigue",37,5,Asthma,99.2,90.0,179/106,West
P0951,51.0,Other,"headache,chills,vomiting,nausea,chest_pain",20,4,Typhoid,97.5,91.0,122/82,East
P0952,56.0,Other,"headache,cough",49,4,Hypertension,99.9,77.0,105/88,Central
P0953,60.0,Other,"nausea,vomiting,sweating,cough,fatigue",21,3,Malaria,100.3,95.0,111/81,South
P0954,19.0,Female,"fever,cough,fatigue",10,3,Malaria,99.4,82.0,146/60,South
P0955,33.0,Other,"nausea,headache,chills",5,1,Malaria,98.0,102.0,151/88,East
P0956,12.0,Female,"chills,sweating,vomiting,fatigue,headache",36,1,Diabetes,98.3,92.0,171/107,North
P0957,9.0,Other,"nausea,vomiting,sweating",6,4,Flu,101.3,85.0,160/64,East
P0958,33.0,Female,"nausea,sweating,chills,cough",26,4,Asthma,98.1,68.0,179/94,West
P0959,51.0,Male,"chills,vomiting",4,1,Hypertension,100.2,83.0,161/69,South
P0960,72.0,Female,"headache,shortness_of_breath,vomiting,chest_pain,chills",39,1,Diabetes,99.1,105.0,159/78,South
P0961,80.0,Female,"chest_pain,headache,sweating,fever,shortness_of_breath",39,2,Hypertension,98.1,103.0,119/96,South
P0962,49.0,Other,"nausea,shortness_of_breath,chest_pain",50,2,Hypertension,96.6,97.0,112/66,North
P0963,6.0,Female,"sweating,chills,nausea,headache,shortness_of_breath",35,1,Typhoid,98.9,59.0,121/105,North
P0964,31.0,Male,"sweating,cough",1,2,Typhoid,98.7,96.0,175/94,Central
P0965,40.0,Male,"fever,vomiting,sweating",24,5,Typhoid,101.3,61.0,146/104,East
P0966,40.0,Other,"nausea,cough,fatigue,chest_pain",57,4,Diabetes,97.3,96.0,98/72,East
P0967,30.0,Male,"shortness_of_breath,nausea",36,4,Hypertension,102.0,90.0,120/69,West
P0968,47.0,Female,"sweating,fatigue,nausea",6,1,Flu,99.2,81.0,160/61,South
P0969,31.0,Male,"headache,cough,chest_pain,nausea",41,3,Asthma,99.2,112.0,98/65,North
P0970,73.0,Other,"shortness_of_breath,sweating,nausea,fever",54,1,Typhoid,97.7,100.0,102/67,West
P0971,24.0,Female,"fatigue,nausea",46,2,Typhoid,99.1,79.0,147/95,West
P0972,15.0,Other,"cough,chills,sweating",44,3,Hypertension,99.3,81.0,92/84,North
P0973,78.0,Female,"vomiting,cough,nausea",57,2,Hypertension,100.0,55.0,124/103,East
P0974,42.0,Male,"nausea,fatigue",31,5,Diabetes,97.1,96.0,110/106,South
P0975,10.0,Other,"nausea,chills,chest_pain,fever,sweating",20,2,Diabetes,100.7,106.0,153/99,East
P0976,76.0,Other,"fatigue,fever",24,5,Typhoid,99.1,79.0,141/66,West
P0977,27.0,Female,"shortness_of_breath,headache,chills,cough",25,5,Hypertension,99.5,108.0,123/105,South
P0978,51.0,Other,"chest_pain,fever",36,2,Flu,98.3,60.0,124/82,Central
P0979,50.0,Female,"fatigue,cough",21,2,Asthma,97.2,112.0,104/78,West
P0980,16.0,Female,"vomiting,sweating,cough,chills",30,5,Hypertension,98.7,107.0,95/105,East
P0981,17.0,Female,"headache,fever",24,3,Hypertension,98.9,112.0,174/81,East
P0982,66.0,Female,"vomiting,cough,fever",44,5,Malaria,96.5,56.0,121/72,East
P0983,64.0,Male,"vomiting,shortness_of_breath,nausea,cough,headache",42,4,Diabetes,99.8,76.0,141/80,North
P0984,47.0,Female,"shortness_of_breath,chest_pain,nausea,sweating",30,5,Asthma,100.1,91.0,172/60,West
P0985,80.0,Other,"chest_pain,sweating,headache,fatigue",22,3,Typhoid,97.5,74.0,117/78,South
P0986,72.0,Male,"headache,fatigue,cough,nausea,vomiting",28,4,Hypertension,97.1,78.0,174/92,East
P0987,9.0,Other,"fever,shortness_of_breath",7,1,Typhoid,98.1,119.0,153/63,East
P0988,41.0,Male,"fever,nausea",35,1,Hypertension,98.6,119.0,168/101,North
P0989,76.0,Female,"nausea,headache",55,3,Typhoid,98.2,55.0,167/62,South
P0990,35.0,Male,"nausea,vomiting",28,5,Asthma,98.5,57.0,108/86,West
P0991,13.0,Male,"nausea,vomiting,headache,chills",14,2,Diabetes,98.9,100.0,104/100,Central
P0992,55.0,Other,"fever,cough",56,3,Asthma,96.5,109.0,95/94,North
P0993,33.0,Other,"shortness_of_breath,cough,fatigue,vomiting",10,4,Malaria,96.7,118.0,162/87,West
P0994,82.0,Female,"chills,cough,headache",16,4,Flu,94.5,99.0,173/65,Central
P0995,44.0,Male,"chills,chest_pain,headache,sweating",16,1,Diabetes,100.0,80.0,127/65,East
P0996,45.0,Male,"cough,chest_pain,fatigue,vomiting",54,4,Asthma,98.6,119.0,115/103,East
P0997,15.0,Male,"fever,headache",31,3,Malaria,100.2,78.0,171/82,South
P0998,27.0,Female,"headache,shortness_of_breath,sweating,chills",42,4,Flu,96.9,89.0,140/92,Central
P0999,5.0,Female,"cough,headache,vomiting,sweating",25,3,Malaria,98.6,78.0,162/75,East
